run_id;RF;Ni_pct;Cu_pct;contamination;k0_eff;Gamma_eff;Au_fraction;I_peak_nA;E_peak_V;FWHM_mV;I_baseline_uA;sigma_baseline_nA;SNR;R2_gaussian;baseline_ratio_pct;status;output_dir;frequency;R_u;IR_drop_mV;K_dimensionless;swv_png;components_png;baseline_png;data_csv
1;1.0;0;0;0.0;50.0;8e-08;1.0;1770.0326;-0.24;56.0;1.1059;0.8;2206.2;0.9994;38.5;OK;001_RF1.0_Ni0_Cu0_C0;25.0;0.0;0.0;2.0;001_RF1.0_Ni0_Cu0_C0/deliverables/001_RF1.0_Ni0_Cu0_C0_SWV_curve.png;001_RF1.0_Ni0_Cu0_C0/deliverables/001_RF1.0_Ni0_Cu0_C0_components.png;001_RF1.0_Ni0_Cu0_C0/deliverables/001_RF1.0_Ni0_Cu0_C0_baseline_zoom.png;001_RF1.0_Ni0_Cu0_C0/swv_data.csv
2;1.0;0;0;0.1;50.0;7.2e-08;0.9;1434.2956;-0.24;56.0;1.1064;0.92;1555.7;0.9994;43.5;OK;002_RF1.0_Ni0_Cu0_C0;25.0;0.0;0.0;2.0;002_RF1.0_Ni0_Cu0_C0/deliverables/002_RF1.0_Ni0_Cu0_C0_SWV_curve.png;002_RF1.0_Ni0_Cu0_C0/deliverables/002_RF1.0_Ni0_Cu0_C0_components.png;002_RF1.0_Ni0_Cu0_C0/deliverables/002_RF1.0_Ni0_Cu0_C0_baseline_zoom.png;002_RF1.0_Ni0_Cu0_C0/swv_data.csv
3;1.0;0;0;0.3;50.0;5.6e-08;0.7;866.9162;-0.24;56.0;1.1063;0.92;941.2;0.9994;56.1;OK;003_RF1.0_Ni0_Cu0_C0;25.0;0.0;0.0;2.0;003_RF1.0_Ni0_Cu0_C0/deliverables/003_RF1.0_Ni0_Cu0_C0_SWV_curve.png;003_RF1.0_Ni0_Cu0_C0/deliverables/003_RF1.0_Ni0_Cu0_C0_components.png;003_RF1.0_Ni0_Cu0_C0/deliverables/003_RF1.0_Ni0_Cu0_C0_baseline_zoom.png;003_RF1.0_Ni0_Cu0_C0/swv_data.csv
4;1.0;0;2;0.0;50.0;7.84e-08;0.98;1734.2953;-0.24;56.0;1.1725;0.87;1993.7;0.9994;40.3;OK;004_RF1.0_Ni0_Cu2_C0;25.0;0.0;0.0;2.0;004_RF1.0_Ni0_Cu2_C0/deliverables/004_RF1.0_Ni0_Cu2_C0_SWV_curve.png;004_RF1.0_Ni0_Cu2_C0/deliverables/004_RF1.0_Ni0_Cu2_C0_components.png;004_RF1.0_Ni0_Cu2_C0/deliverables/004_RF1.0_Ni0_Cu2_C0_baseline_zoom.png;004_RF1.0_Ni0_Cu2_C0/swv_data.csv
5;1.0;0;2;0.1;50.0;7.04e-08;0.88;1402.1976;-0.24;56.0;1.1725;1.07;1309.6;0.9994;45.5;OK;005_RF1.0_Ni0_Cu2_C0;25.0;0.0;0.0;2.0;005_RF1.0_Ni0_Cu2_C0/deliverables/005_RF1.0_Ni0_Cu2_C0_SWV_curve.png;005_RF1.0_Ni0_Cu2_C0/deliverables/005_RF1.0_Ni0_Cu2_C0_components.png;005_RF1.0_Ni0_Cu2_C0/deliverables/005_RF1.0_Ni0_Cu2_C0_baseline_zoom.png;005_RF1.0_Ni0_Cu2_C0/swv_data.csv
6;1.0;0;2;0.3;50.0;5.44e-08;0.68;839.603;-0.24;56.0;1.1728;1.01;835.3;0.9994;58.3;OK;006_RF1.0_Ni0_Cu2_C0;25.0;0.0;0.0;2.0;006_RF1.0_Ni0_Cu2_C0/deliverables/006_RF1.0_Ni0_Cu2_C0_SWV_curve.png;006_RF1.0_Ni0_Cu2_C0/deliverables/006_RF1.0_Ni0_Cu2_C0_components.png;006_RF1.0_Ni0_Cu2_C0/deliverables/006_RF1.0_Ni0_Cu2_C0_baseline_zoom.png;006_RF1.0_Ni0_Cu2_C0/swv_data.csv
7;1.0;0;5;0.0;50.0;7.6e-08;0.95;1679.8325;-0.24;56.0;1.272;1.19;1414.2;0.9994;43.1;OK;007_RF1.0_Ni0_Cu5_C0;25.0;0.0;0.0;2.0;007_RF1.0_Ni0_Cu5_C0/deliverables/007_RF1.0_Ni0_Cu5_C0_SWV_curve.png;007_RF1.0_Ni0_Cu5_C0/deliverables/007_RF1.0_Ni0_Cu5_C0_components.png;007_RF1.0_Ni0_Cu5_C0/deliverables/007_RF1.0_Ni0_Cu5_C0_baseline_zoom.png;007_RF1.0_Ni0_Cu5_C0/swv_data.csv
8;1.0;0;5;0.1;50.0;6.8e-08;0.85;1352.9705;-0.24;56.0;1.272;1.24;1095.3;0.9994;48.5;OK;008_RF1.0_Ni0_Cu5_C0;25.0;0.0;0.0;2.0;008_RF1.0_Ni0_Cu5_C0/deliverables/008_RF1.0_Ni0_Cu5_C0_SWV_curve.png;008_RF1.0_Ni0_Cu5_C0/deliverables/008_RF1.0_Ni0_Cu5_C0_components.png;008_RF1.0_Ni0_Cu5_C0/deliverables/008_RF1.0_Ni0_Cu5_C0_baseline_zoom.png;008_RF1.0_Ni0_Cu5_C0/swv_data.csv
9;1.0;0;5;0.3;50.0;5.2e-08;0.65;803.8791;-0.24;56.0;1.2722;1.19;677.6;0.9994;61.3;OK;009_RF1.0_Ni0_Cu5_C0;25.0;0.0;0.0;2.0;009_RF1.0_Ni0_Cu5_C0/deliverables/009_RF1.0_Ni0_Cu5_C0_SWV_curve.png;009_RF1.0_Ni0_Cu5_C0/deliverables/009_RF1.0_Ni0_Cu5_C0_components.png;009_RF1.0_Ni0_Cu5_C0/deliverables/009_RF1.0_Ni0_Cu5_C0_baseline_zoom.png;009_RF1.0_Ni0_Cu5_C0/swv_data.csv
10;1.0;2;0;0.0;50.0;7.84e-08;0.98;1731.9293;-0.24;56.0;1.1524;1.3;1329.0;0.9994;40.0;OK;010_RF1.0_Ni2_Cu0_C0;25.0;0.0;0.0;2.0;010_RF1.0_Ni2_Cu0_C0/deliverables/010_RF1.0_Ni2_Cu0_C0_SWV_curve.png;010_RF1.0_Ni2_Cu0_C0/deliverables/010_RF1.0_Ni2_Cu0_C0_components.png;010_RF1.0_Ni2_Cu0_C0/deliverables/010_RF1.0_Ni2_Cu0_C0_baseline_zoom.png;010_RF1.0_Ni2_Cu0_C0/swv_data.csv
11;1.0;2;0;0.1;50.0;7.04e-08;0.88;1399.5263;-0.24;56.0;1.1523;1.45;967.8;0.9994;45.2;OK;011_RF1.0_Ni2_Cu0_C0;25.0;0.0;0.0;2.0;011_RF1.0_Ni2_Cu0_C0/deliverables/011_RF1.0_Ni2_Cu0_C0_SWV_curve.png;011_RF1.0_Ni2_Cu0_C0/deliverables/011_RF1.0_Ni2_Cu0_C0_components.png;011_RF1.0_Ni2_Cu0_C0/deliverables/011_RF1.0_Ni2_Cu0_C0_baseline_zoom.png;011_RF1.0_Ni2_Cu0_C0/swv_data.csv
12;1.0;2;0;0.3;50.0;5.44e-08;0.68;839.4342;-0.24;56.0;1.1521;1.61;523.0;0.9994;57.8;OK;012_RF1.0_Ni2_Cu0_C0;25.0;0.0;0.0;2.0;012_RF1.0_Ni2_Cu0_C0/deliverables/012_RF1.0_Ni2_Cu0_C0_SWV_curve.png;012_RF1.0_Ni2_Cu0_C0/deliverables/012_RF1.0_Ni2_Cu0_C0_components.png;012_RF1.0_Ni2_Cu0_C0/deliverables/012_RF1.0_Ni2_Cu0_C0_baseline_zoom.png;012_RF1.0_Ni2_Cu0_C0/swv_data.csv
13;1.0;2;2;0.0;50.0;7.68e-08;0.96;1695.1123;-0.24;56.0;1.2186;1.48;1143.6;0.9994;41.8;OK;013_RF1.0_Ni2_Cu2_C0;25.0;0.0;0.0;2.0;013_RF1.0_Ni2_Cu2_C0/deliverables/013_RF1.0_Ni2_Cu2_C0_SWV_curve.png;013_RF1.0_Ni2_Cu2_C0/deliverables/013_RF1.0_Ni2_Cu2_C0_components.png;013_RF1.0_Ni2_Cu2_C0/deliverables/013_RF1.0_Ni2_Cu2_C0_baseline_zoom.png;013_RF1.0_Ni2_Cu2_C0/swv_data.csv
14;1.0;2;2;0.1;50.0;6.88e-08;0.86;1366.3151;-0.24;56.0;1.2187;1.81;756.4;0.9994;47.1;OK;014_RF1.0_Ni2_Cu2_C0;25.0;0.0;0.0;2.0;014_RF1.0_Ni2_Cu2_C0/deliverables/014_RF1.0_Ni2_Cu2_C0_SWV_curve.png;014_RF1.0_Ni2_Cu2_C0/deliverables/014_RF1.0_Ni2_Cu2_C0_components.png;014_RF1.0_Ni2_Cu2_C0/deliverables/014_RF1.0_Ni2_Cu2_C0_baseline_zoom.png;014_RF1.0_Ni2_Cu2_C0/swv_data.csv
15;1.0;2;2;0.3;50.0;5.28e-08;0.66;815.8598;-0.24;56.0;1.2186;1.72;475.2;0.9994;59.9;OK;015_RF1.0_Ni2_Cu2_C0;25.0;0.0;0.0;2.0;015_RF1.0_Ni2_Cu2_C0/deliverables/015_RF1.0_Ni2_Cu2_C0_SWV_curve.png;015_RF1.0_Ni2_Cu2_C0/deliverables/015_RF1.0_Ni2_Cu2_C0_components.png;015_RF1.0_Ni2_Cu2_C0/deliverables/015_RF1.0_Ni2_Cu2_C0_baseline_zoom.png;015_RF1.0_Ni2_Cu2_C0/swv_data.csv
16;1.0;2;5;0.0;50.0;7.44e-08;0.93;1645.7409;-0.24;56.0;1.3177;1.54;1066.0;0.9994;44.5;OK;016_RF1.0_Ni2_Cu5_C0;25.0;0.0;0.0;2.0;016_RF1.0_Ni2_Cu5_C0/deliverables/016_RF1.0_Ni2_Cu5_C0_SWV_curve.png;016_RF1.0_Ni2_Cu5_C0/deliverables/016_RF1.0_Ni2_Cu5_C0_components.png;016_RF1.0_Ni2_Cu5_C0/deliverables/016_RF1.0_Ni2_Cu5_C0_baseline_zoom.png;016_RF1.0_Ni2_Cu5_C0/swv_data.csv
17;1.0;2;5;0.1;50.0;6.64e-08;0.83;1320.2219;-0.24;56.0;1.318;1.61;819.7;0.9994;50.0;OK;017_RF1.0_Ni2_Cu5_C0;25.0;0.0;0.0;2.0;017_RF1.0_Ni2_Cu5_C0/deliverables/017_RF1.0_Ni2_Cu5_C0_SWV_curve.png;017_RF1.0_Ni2_Cu5_C0/deliverables/017_RF1.0_Ni2_Cu5_C0_components.png;017_RF1.0_Ni2_Cu5_C0/deliverables/017_RF1.0_Ni2_Cu5_C0_baseline_zoom.png;017_RF1.0_Ni2_Cu5_C0/swv_data.csv
18;1.0;2;5;0.3;50.0;5.04e-08;0.63;777.4091;-0.24;56.0;1.3184;1.19;654.0;0.9994;62.9;OK;018_RF1.0_Ni2_Cu5_C0;25.0;0.0;0.0;2.0;018_RF1.0_Ni2_Cu5_C0/deliverables/018_RF1.0_Ni2_Cu5_C0_SWV_curve.png;018_RF1.0_Ni2_Cu5_C0/deliverables/018_RF1.0_Ni2_Cu5_C0_components.png;018_RF1.0_Ni2_Cu5_C0/deliverables/018_RF1.0_Ni2_Cu5_C0_baseline_zoom.png;018_RF1.0_Ni2_Cu5_C0/swv_data.csv
19;1.0;5;0;0.0;50.0;7.6e-08;0.95;1676.4692;-0.24;56.0;1.2208;2.72;615.4;0.9994;42.1;OK;019_RF1.0_Ni5_Cu0_C0;25.0;0.0;0.0;2.0;019_RF1.0_Ni5_Cu0_C0/deliverables/019_RF1.0_Ni5_Cu0_C0_SWV_curve.png;019_RF1.0_Ni5_Cu0_C0/deliverables/019_RF1.0_Ni5_Cu0_C0_components.png;019_RF1.0_Ni5_Cu0_C0/deliverables/019_RF1.0_Ni5_Cu0_C0_baseline_zoom.png;019_RF1.0_Ni5_Cu0_C0/swv_data.csv
20;1.0;5;0;0.1;50.0;6.8e-08;0.85;1350.7292;-0.24;56.0;1.2203;2.67;505.6;0.9994;47.5;OK;020_RF1.0_Ni5_Cu0_C0;25.0;0.0;0.0;2.0;020_RF1.0_Ni5_Cu0_C0/deliverables/020_RF1.0_Ni5_Cu0_C0_SWV_curve.png;020_RF1.0_Ni5_Cu0_C0/deliverables/020_RF1.0_Ni5_Cu0_C0_components.png;020_RF1.0_Ni5_Cu0_C0/deliverables/020_RF1.0_Ni5_Cu0_C0_baseline_zoom.png;020_RF1.0_Ni5_Cu0_C0/swv_data.csv
21;1.0;5;0;0.3;50.0;5.2e-08;0.65;800.5344;-0.24;56.0;1.221;3.19;251.1;0.9994;60.4;OK;021_RF1.0_Ni5_Cu0_C0;25.0;0.0;0.0;2.0;021_RF1.0_Ni5_Cu0_C0/deliverables/021_RF1.0_Ni5_Cu0_C0_SWV_curve.png;021_RF1.0_Ni5_Cu0_C0/deliverables/021_RF1.0_Ni5_Cu0_C0_components.png;021_RF1.0_Ni5_Cu0_C0/deliverables/021_RF1.0_Ni5_Cu0_C0_baseline_zoom.png;021_RF1.0_Ni5_Cu0_C0/swv_data.csv
22;1.0;5;2;0.0;50.0;7.44e-08;0.93;1640.4977;-0.24;56.0;1.2872;3.19;514.8;0.9994;44.0;OK;022_RF1.0_Ni5_Cu2_C0;25.0;0.0;0.0;2.0;022_RF1.0_Ni5_Cu2_C0/deliverables/022_RF1.0_Ni5_Cu2_C0_SWV_curve.png;022_RF1.0_Ni5_Cu2_C0/deliverables/022_RF1.0_Ni5_Cu2_C0_components.png;022_RF1.0_Ni5_Cu2_C0/deliverables/022_RF1.0_Ni5_Cu2_C0_baseline_zoom.png;022_RF1.0_Ni5_Cu2_C0/swv_data.csv
23;1.0;5;2;0.1;50.0;6.64e-08;0.83;1315.5529;-0.24;56.0;1.2872;2.71;485.7;0.9994;49.5;OK;023_RF1.0_Ni5_Cu2_C0;25.0;0.0;0.0;2.0;023_RF1.0_Ni5_Cu2_C0/deliverables/023_RF1.0_Ni5_Cu2_C0_SWV_curve.png;023_RF1.0_Ni5_Cu2_C0/deliverables/023_RF1.0_Ni5_Cu2_C0_components.png;023_RF1.0_Ni5_Cu2_C0/deliverables/023_RF1.0_Ni5_Cu2_C0_baseline_zoom.png;023_RF1.0_Ni5_Cu2_C0/swv_data.csv
24;1.0;5;2;0.3;50.0;5.04e-08;0.63;778.0026;-0.24;56.0;1.287;2.69;289.0;0.9993;62.3;OK;024_RF1.0_Ni5_Cu2_C0;25.0;0.0;0.0;2.0;024_RF1.0_Ni5_Cu2_C0/deliverables/024_RF1.0_Ni5_Cu2_C0_SWV_curve.png;024_RF1.0_Ni5_Cu2_C0/deliverables/024_RF1.0_Ni5_Cu2_C0_components.png;024_RF1.0_Ni5_Cu2_C0/deliverables/024_RF1.0_Ni5_Cu2_C0_baseline_zoom.png;024_RF1.0_Ni5_Cu2_C0/swv_data.csv
25;1.0;5;5;0.0;50.0;7.2e-08;0.9;1588.7304;-0.24;56.0;1.387;3.29;483.4;0.9994;46.6;OK;025_RF1.0_Ni5_Cu5_C0;25.0;0.0;0.0;2.0;025_RF1.0_Ni5_Cu5_C0/deliverables/025_RF1.0_Ni5_Cu5_C0_SWV_curve.png;025_RF1.0_Ni5_Cu5_C0/deliverables/025_RF1.0_Ni5_Cu5_C0_components.png;025_RF1.0_Ni5_Cu5_C0/deliverables/025_RF1.0_Ni5_Cu5_C0_baseline_zoom.png;025_RF1.0_Ni5_Cu5_C0/swv_data.csv
26;1.0;5;5;0.1;50.0;6.4e-08;0.8;1267.3364;-0.24;56.0;1.387;3.5;362.0;0.9994;52.3;OK;026_RF1.0_Ni5_Cu5_C0;25.0;0.0;0.0;2.0;026_RF1.0_Ni5_Cu5_C0/deliverables/026_RF1.0_Ni5_Cu5_C0_SWV_curve.png;026_RF1.0_Ni5_Cu5_C0/deliverables/026_RF1.0_Ni5_Cu5_C0_components.png;026_RF1.0_Ni5_Cu5_C0/deliverables/026_RF1.0_Ni5_Cu5_C0_baseline_zoom.png;026_RF1.0_Ni5_Cu5_C0/swv_data.csv
27;1.0;5;5;0.3;50.0;4.8e-08;0.6;741.6495;-0.24;56.0;1.3868;3.24;229.0;0.9993;65.2;OK;027_RF1.0_Ni5_Cu5_C0;25.0;0.0;0.0;2.0;027_RF1.0_Ni5_Cu5_C0/deliverables/027_RF1.0_Ni5_Cu5_C0_SWV_curve.png;027_RF1.0_Ni5_Cu5_C0/deliverables/027_RF1.0_Ni5_Cu5_C0_components.png;027_RF1.0_Ni5_Cu5_C0/deliverables/027_RF1.0_Ni5_Cu5_C0_baseline_zoom.png;027_RF1.0_Ni5_Cu5_C0/swv_data.csv
28;1.0;10;0;0.0;50.0;7.2e-08;0.9;1582.3853;-0.24;56.0;1.3353;5.54;285.7;0.9994;45.8;OK;028_RF1.0_Ni10_Cu0_C0;25.0;0.0;0.0;2.0;028_RF1.0_Ni10_Cu0_C0/deliverables/028_RF1.0_Ni10_Cu0_C0_SWV_curve.png;028_RF1.0_Ni10_Cu0_C0/deliverables/028_RF1.0_Ni10_Cu0_C0_components.png;028_RF1.0_Ni10_Cu0_C0/deliverables/028_RF1.0_Ni10_Cu0_C0_baseline_zoom.png;028_RF1.0_Ni10_Cu0_C0/swv_data.csv
29;1.0;10;0;0.1;50.0;6.4e-08;0.8;1263.5106;-0.24;56.0;1.3356;5.69;222.2;0.9993;51.4;OK;029_RF1.0_Ni10_Cu0_C0;25.0;0.0;0.0;2.0;029_RF1.0_Ni10_Cu0_C0/deliverables/029_RF1.0_Ni10_Cu0_C0_SWV_curve.png;029_RF1.0_Ni10_Cu0_C0/deliverables/029_RF1.0_Ni10_Cu0_C0_components.png;029_RF1.0_Ni10_Cu0_C0/deliverables/029_RF1.0_Ni10_Cu0_C0_baseline_zoom.png;029_RF1.0_Ni10_Cu0_C0/swv_data.csv
30;1.0;10;0;0.3;50.0;4.8e-08;0.6;734.9221;-0.24;56.0;1.3348;5.4;136.2;0.9991;64.5;OK;030_RF1.0_Ni10_Cu0_C0;25.0;0.0;0.0;2.0;030_RF1.0_Ni10_Cu0_C0/deliverables/030_RF1.0_Ni10_Cu0_C0_SWV_curve.png;030_RF1.0_Ni10_Cu0_C0/deliverables/030_RF1.0_Ni10_Cu0_C0_components.png;030_RF1.0_Ni10_Cu0_C0/deliverables/030_RF1.0_Ni10_Cu0_C0_baseline_zoom.png;030_RF1.0_Ni10_Cu0_C0/swv_data.csv
31;1.0;10;2;0.0;50.0;7.04e-08;0.88;1547.8813;-0.24;56.0;1.4016;5.72;270.4;0.9994;47.5;OK;031_RF1.0_Ni10_Cu2_C0;25.0;0.0;0.0;2.0;031_RF1.0_Ni10_Cu2_C0/deliverables/031_RF1.0_Ni10_Cu2_C0_SWV_curve.png;031_RF1.0_Ni10_Cu2_C0/deliverables/031_RF1.0_Ni10_Cu2_C0_components.png;031_RF1.0_Ni10_Cu2_C0/deliverables/031_RF1.0_Ni10_Cu2_C0_baseline_zoom.png;031_RF1.0_Ni10_Cu2_C0/swv_data.csv
32;1.0;10;2;0.1;50.0;6.24e-08;0.78;1235.7033;-0.24;56.0;1.4019;5.46;226.5;0.9994;53.1;OK;032_RF1.0_Ni10_Cu2_C0;25.0;0.0;0.0;2.0;032_RF1.0_Ni10_Cu2_C0/deliverables/032_RF1.0_Ni10_Cu2_C0_SWV_curve.png;032_RF1.0_Ni10_Cu2_C0/deliverables/032_RF1.0_Ni10_Cu2_C0_components.png;032_RF1.0_Ni10_Cu2_C0/deliverables/032_RF1.0_Ni10_Cu2_C0_baseline_zoom.png;032_RF1.0_Ni10_Cu2_C0/swv_data.csv
33;1.0;10;2;0.3;50.0;4.64e-08;0.58;707.7304;-0.24;56.0;1.4017;5.57;127.1;0.999;66.4;OK;033_RF1.0_Ni10_Cu2_C0;25.0;0.0;0.0;2.0;033_RF1.0_Ni10_Cu2_C0/deliverables/033_RF1.0_Ni10_Cu2_C0_SWV_curve.png;033_RF1.0_Ni10_Cu2_C0/deliverables/033_RF1.0_Ni10_Cu2_C0_components.png;033_RF1.0_Ni10_Cu2_C0/deliverables/033_RF1.0_Ni10_Cu2_C0_baseline_zoom.png;033_RF1.0_Ni10_Cu2_C0/swv_data.csv
34;1.0;10;5;0.0;50.0;6.8e-08;0.85;1493.5535;-0.24;56.0;1.5016;6.08;245.7;0.9994;50.1;OK;034_RF1.0_Ni10_Cu5_C0;25.0;0.0;0.0;2.0;034_RF1.0_Ni10_Cu5_C0/deliverables/034_RF1.0_Ni10_Cu5_C0_SWV_curve.png;034_RF1.0_Ni10_Cu5_C0/deliverables/034_RF1.0_Ni10_Cu5_C0_components.png;034_RF1.0_Ni10_Cu5_C0/deliverables/034_RF1.0_Ni10_Cu5_C0_baseline_zoom.png;034_RF1.0_Ni10_Cu5_C0/swv_data.csv
35;1.0;10;5;0.1;50.0;6e-08;0.75;1184.1855;-0.24;56.0;1.5014;6.02;196.7;0.9993;55.9;OK;035_RF1.0_Ni10_Cu5_C0;25.0;0.0;0.0;2.0;035_RF1.0_Ni10_Cu5_C0/deliverables/035_RF1.0_Ni10_Cu5_C0_SWV_curve.png;035_RF1.0_Ni10_Cu5_C0/deliverables/035_RF1.0_Ni10_Cu5_C0_components.png;035_RF1.0_Ni10_Cu5_C0/deliverables/035_RF1.0_Ni10_Cu5_C0_baseline_zoom.png;035_RF1.0_Ni10_Cu5_C0/swv_data.csv
36;1.0;10;5;0.3;50.0;4.4e-08;0.55;670.1221;-0.24;56.0;1.5016;5.17;129.6;0.999;69.1;OK;036_RF1.0_Ni10_Cu5_C0;25.0;0.0;0.0;2.0;036_RF1.0_Ni10_Cu5_C0/deliverables/036_RF1.0_Ni10_Cu5_C0_SWV_curve.png;036_RF1.0_Ni10_Cu5_C0/deliverables/036_RF1.0_Ni10_Cu5_C0_components.png;036_RF1.0_Ni10_Cu5_C0/deliverables/036_RF1.0_Ni10_Cu5_C0_baseline_zoom.png;036_RF1.0_Ni10_Cu5_C0/swv_data.csv
37;1.5;0;0;0.0;43.04;8e-08;1.0;2509.2261;-0.24;56.0;1.6594;1.08;2325.1;0.9993;39.8;OK;037_RF1.5_Ni0_Cu0_C0;25.0;0.0;0.0;1.7216;037_RF1.5_Ni0_Cu0_C0/deliverables/037_RF1.5_Ni0_Cu0_C0_SWV_curve.png;037_RF1.5_Ni0_Cu0_C0/deliverables/037_RF1.5_Ni0_Cu0_C0_components.png;037_RF1.5_Ni0_Cu0_C0/deliverables/037_RF1.5_Ni0_Cu0_C0_baseline_zoom.png;037_RF1.5_Ni0_Cu0_C0/swv_data.csv
38;1.5;0;0;0.1;43.04;7.2e-08;0.9;2034.736;-0.24;56.0;1.6596;1.31;1552.5;0.9993;44.9;OK;038_RF1.5_Ni0_Cu0_C0;25.0;0.0;0.0;1.7216;038_RF1.5_Ni0_Cu0_C0/deliverables/038_RF1.5_Ni0_Cu0_C0_SWV_curve.png;038_RF1.5_Ni0_Cu0_C0/deliverables/038_RF1.5_Ni0_Cu0_C0_components.png;038_RF1.5_Ni0_Cu0_C0/deliverables/038_RF1.5_Ni0_Cu0_C0_baseline_zoom.png;038_RF1.5_Ni0_Cu0_C0/swv_data.csv
39;1.5;0;0;0.3;43.04;5.6e-08;0.7;1231.2325;-0.24;56.0;1.6595;1.0;1232.2;0.9993;57.4;OK;039_RF1.5_Ni0_Cu0_C0;25.0;0.0;0.0;1.7216;039_RF1.5_Ni0_Cu0_C0/deliverables/039_RF1.5_Ni0_Cu0_C0_SWV_curve.png;039_RF1.5_Ni0_Cu0_C0/deliverables/039_RF1.5_Ni0_Cu0_C0_components.png;039_RF1.5_Ni0_Cu0_C0/deliverables/039_RF1.5_Ni0_Cu0_C0_baseline_zoom.png;039_RF1.5_Ni0_Cu0_C0/swv_data.csv
40;1.5;0;2;0.0;43.04;7.84e-08;0.98;2459.5437;-0.24;56.0;1.7588;1.42;1732.5;0.9993;41.7;OK;040_RF1.5_Ni0_Cu2_C0;25.0;0.0;0.0;1.7216;040_RF1.5_Ni0_Cu2_C0/deliverables/040_RF1.5_Ni0_Cu2_C0_SWV_curve.png;040_RF1.5_Ni0_Cu2_C0/deliverables/040_RF1.5_Ni0_Cu2_C0_components.png;040_RF1.5_Ni0_Cu2_C0/deliverables/040_RF1.5_Ni0_Cu2_C0_baseline_zoom.png;040_RF1.5_Ni0_Cu2_C0/swv_data.csv
41;1.5;0;2;0.1;43.04;7.04e-08;0.88;1988.4669;-0.24;56.0;1.7589;1.48;1339.3;0.9993;46.9;OK;041_RF1.5_Ni0_Cu2_C0;25.0;0.0;0.0;1.7216;041_RF1.5_Ni0_Cu2_C0/deliverables/041_RF1.5_Ni0_Cu2_C0_SWV_curve.png;041_RF1.5_Ni0_Cu2_C0/deliverables/041_RF1.5_Ni0_Cu2_C0_components.png;041_RF1.5_Ni0_Cu2_C0/deliverables/041_RF1.5_Ni0_Cu2_C0_baseline_zoom.png;041_RF1.5_Ni0_Cu2_C0/swv_data.csv
42;1.5;0;2;0.3;43.04;5.44e-08;0.68;1194.9827;-0.24;56.0;1.7586;1.46;819.7;0.9992;59.5;OK;042_RF1.5_Ni0_Cu2_C0;25.0;0.0;0.0;1.7216;042_RF1.5_Ni0_Cu2_C0/deliverables/042_RF1.5_Ni0_Cu2_C0_SWV_curve.png;042_RF1.5_Ni0_Cu2_C0/deliverables/042_RF1.5_Ni0_Cu2_C0_components.png;042_RF1.5_Ni0_Cu2_C0/deliverables/042_RF1.5_Ni0_Cu2_C0_baseline_zoom.png;042_RF1.5_Ni0_Cu2_C0/swv_data.csv
43;1.5;0;5;0.0;43.04;7.6e-08;0.95;2382.9232;-0.24;56.0;1.9084;1.31;1825.5;0.9993;44.5;OK;043_RF1.5_Ni0_Cu5_C0;25.0;0.0;0.0;1.7216;043_RF1.5_Ni0_Cu5_C0/deliverables/043_RF1.5_Ni0_Cu5_C0_SWV_curve.png;043_RF1.5_Ni0_Cu5_C0/deliverables/043_RF1.5_Ni0_Cu5_C0_components.png;043_RF1.5_Ni0_Cu5_C0/deliverables/043_RF1.5_Ni0_Cu5_C0_baseline_zoom.png;043_RF1.5_Ni0_Cu5_C0/swv_data.csv
44;1.5;0;5;0.1;43.04;6.8e-08;0.85;1919.0541;-0.24;56.0;1.9082;1.64;1172.2;0.9993;49.9;OK;044_RF1.5_Ni0_Cu5_C0;25.0;0.0;0.0;1.7216;044_RF1.5_Ni0_Cu5_C0/deliverables/044_RF1.5_Ni0_Cu5_C0_SWV_curve.png;044_RF1.5_Ni0_Cu5_C0/deliverables/044_RF1.5_Ni0_Cu5_C0_components.png;044_RF1.5_Ni0_Cu5_C0/deliverables/044_RF1.5_Ni0_Cu5_C0_baseline_zoom.png;044_RF1.5_Ni0_Cu5_C0/swv_data.csv
45;1.5;0;5;0.3;43.04;5.2e-08;0.65;1140.8962;-0.24;56.0;1.9087;1.41;808.3;0.9993;62.6;OK;045_RF1.5_Ni0_Cu5_C0;25.0;0.0;0.0;1.7216;045_RF1.5_Ni0_Cu5_C0/deliverables/045_RF1.5_Ni0_Cu5_C0_SWV_curve.png;045_RF1.5_Ni0_Cu5_C0/deliverables/045_RF1.5_Ni0_Cu5_C0_components.png;045_RF1.5_Ni0_Cu5_C0/deliverables/045_RF1.5_Ni0_Cu5_C0_baseline_zoom.png;045_RF1.5_Ni0_Cu5_C0/swv_data.csv
46;1.5;2;0;0.0;43.04;7.84e-08;0.98;2457.3945;-0.24;56.0;1.7278;1.85;1331.6;0.9993;41.3;OK;046_RF1.5_Ni2_Cu0_C0;25.0;0.0;0.0;1.7216;046_RF1.5_Ni2_Cu0_C0/deliverables/046_RF1.5_Ni2_Cu0_C0_SWV_curve.png;046_RF1.5_Ni2_Cu0_C0/deliverables/046_RF1.5_Ni2_Cu0_C0_components.png;046_RF1.5_Ni2_Cu0_C0/deliverables/046_RF1.5_Ni2_Cu0_C0_baseline_zoom.png;046_RF1.5_Ni2_Cu0_C0/swv_data.csv
47;1.5;2;0;0.1;43.04;7.04e-08;0.88;1982.1266;-0.24;56.0;1.7286;2.13;932.3;0.9993;46.6;OK;047_RF1.5_Ni2_Cu0_C0;25.0;0.0;0.0;1.7216;047_RF1.5_Ni2_Cu0_C0/deliverables/047_RF1.5_Ni2_Cu0_C0_SWV_curve.png;047_RF1.5_Ni2_Cu0_C0/deliverables/047_RF1.5_Ni2_Cu0_C0_components.png;047_RF1.5_Ni2_Cu0_C0/deliverables/047_RF1.5_Ni2_Cu0_C0_baseline_zoom.png;047_RF1.5_Ni2_Cu0_C0/swv_data.csv
48;1.5;2;0;0.3;43.04;5.44e-08;0.68;1192.8665;-0.24;56.0;1.7282;1.91;623.3;0.9993;59.2;OK;048_RF1.5_Ni2_Cu0_C0;25.0;0.0;0.0;1.7216;048_RF1.5_Ni2_Cu0_C0/deliverables/048_RF1.5_Ni2_Cu0_C0_SWV_curve.png;048_RF1.5_Ni2_Cu0_C0/deliverables/048_RF1.5_Ni2_Cu0_C0_components.png;048_RF1.5_Ni2_Cu0_C0/deliverables/048_RF1.5_Ni2_Cu0_C0_baseline_zoom.png;048_RF1.5_Ni2_Cu0_C0/swv_data.csv
49;1.5;2;2;0.0;43.04;7.68e-08;0.96;2406.6971;-0.24;56.0;1.8278;2.1;1147.2;0.9993;43.2;OK;049_RF1.5_Ni2_Cu2_C0;25.0;0.0;0.0;1.7216;049_RF1.5_Ni2_Cu2_C0/deliverables/049_RF1.5_Ni2_Cu2_C0_SWV_curve.png;049_RF1.5_Ni2_Cu2_C0/deliverables/049_RF1.5_Ni2_Cu2_C0_components.png;049_RF1.5_Ni2_Cu2_C0/deliverables/049_RF1.5_Ni2_Cu2_C0_baseline_zoom.png;049_RF1.5_Ni2_Cu2_C0/swv_data.csv
50;1.5;2;2;0.1;43.04;6.88e-08;0.86;1941.0858;-0.24;56.0;1.8272;1.71;1137.3;0.9993;48.5;OK;050_RF1.5_Ni2_Cu2_C0;25.0;0.0;0.0;1.7216;050_RF1.5_Ni2_Cu2_C0/deliverables/050_RF1.5_Ni2_Cu2_C0_SWV_curve.png;050_RF1.5_Ni2_Cu2_C0/deliverables/050_RF1.5_Ni2_Cu2_C0_components.png;050_RF1.5_Ni2_Cu2_C0/deliverables/050_RF1.5_Ni2_Cu2_C0_baseline_zoom.png;050_RF1.5_Ni2_Cu2_C0/swv_data.csv
51;1.5;2;2;0.3;43.04;5.28e-08;0.66;1155.7856;-0.24;56.0;1.8281;2.18;530.6;0.9993;61.3;OK;051_RF1.5_Ni2_Cu2_C0;25.0;0.0;0.0;1.7216;051_RF1.5_Ni2_Cu2_C0/deliverables/051_RF1.5_Ni2_Cu2_C0_SWV_curve.png;051_RF1.5_Ni2_Cu2_C0/deliverables/051_RF1.5_Ni2_Cu2_C0_components.png;051_RF1.5_Ni2_Cu2_C0/deliverables/051_RF1.5_Ni2_Cu2_C0_baseline_zoom.png;051_RF1.5_Ni2_Cu2_C0/swv_data.csv
52;1.5;2;5;0.0;43.04;7.44e-08;0.93;2330.7192;-0.24;56.0;1.9772;2.45;950.7;0.9993;45.9;OK;052_RF1.5_Ni2_Cu5_C0;25.0;0.0;0.0;1.7216;052_RF1.5_Ni2_Cu5_C0/deliverables/052_RF1.5_Ni2_Cu5_C0_SWV_curve.png;052_RF1.5_Ni2_Cu5_C0/deliverables/052_RF1.5_Ni2_Cu5_C0_components.png;052_RF1.5_Ni2_Cu5_C0/deliverables/052_RF1.5_Ni2_Cu5_C0_baseline_zoom.png;052_RF1.5_Ni2_Cu5_C0/swv_data.csv
53;1.5;2;5;0.1;43.04;6.64e-08;0.83;1872.548;-0.24;56.0;1.9775;2.58;725.7;0.9993;51.4;OK;053_RF1.5_Ni2_Cu5_C0;25.0;0.0;0.0;1.7216;053_RF1.5_Ni2_Cu5_C0/deliverables/053_RF1.5_Ni2_Cu5_C0_SWV_curve.png;053_RF1.5_Ni2_Cu5_C0/deliverables/053_RF1.5_Ni2_Cu5_C0_components.png;053_RF1.5_Ni2_Cu5_C0/deliverables/053_RF1.5_Ni2_Cu5_C0_baseline_zoom.png;053_RF1.5_Ni2_Cu5_C0/swv_data.csv
54;1.5;2;5;0.3;43.04;5.04e-08;0.63;1103.5024;-0.24;56.0;1.9768;2.24;491.6;0.9993;64.2;OK;054_RF1.5_Ni2_Cu5_C0;25.0;0.0;0.0;1.7216;054_RF1.5_Ni2_Cu5_C0/deliverables/054_RF1.5_Ni2_Cu5_C0_SWV_curve.png;054_RF1.5_Ni2_Cu5_C0/deliverables/054_RF1.5_Ni2_Cu5_C0_components.png;054_RF1.5_Ni2_Cu5_C0/deliverables/054_RF1.5_Ni2_Cu5_C0_baseline_zoom.png;054_RF1.5_Ni2_Cu5_C0/swv_data.csv
55;1.5;5;0;0.0;43.04;7.6e-08;0.95;2377.2142;-0.24;56.0;1.8309;4.53;524.3;0.9993;43.5;OK;055_RF1.5_Ni5_Cu0_C0;25.0;0.0;0.0;1.7216;055_RF1.5_Ni5_Cu0_C0/deliverables/055_RF1.5_Ni5_Cu0_C0_SWV_curve.png;055_RF1.5_Ni5_Cu0_C0/deliverables/055_RF1.5_Ni5_Cu0_C0_components.png;055_RF1.5_Ni5_Cu0_C0/deliverables/055_RF1.5_Ni5_Cu0_C0_baseline_zoom.png;055_RF1.5_Ni5_Cu0_C0/swv_data.csv
56;1.5;5;0;0.1;43.04;6.8e-08;0.85;1915.4635;-0.24;56.0;1.8311;4.06;472.4;0.9993;48.9;OK;056_RF1.5_Ni5_Cu0_C0;25.0;0.0;0.0;1.7216;056_RF1.5_Ni5_Cu0_C0/deliverables/056_RF1.5_Ni5_Cu0_C0_SWV_curve.png;056_RF1.5_Ni5_Cu0_C0/deliverables/056_RF1.5_Ni5_Cu0_C0_components.png;056_RF1.5_Ni5_Cu0_C0/deliverables/056_RF1.5_Ni5_Cu0_C0_baseline_zoom.png;056_RF1.5_Ni5_Cu0_C0/swv_data.csv
57;1.5;5;0;0.3;43.04;5.2e-08;0.65;1134.914;-0.24;56.0;1.831;4.15;273.7;0.9993;61.7;OK;057_RF1.5_Ni5_Cu0_C0;25.0;0.0;0.0;1.7216;057_RF1.5_Ni5_Cu0_C0/deliverables/057_RF1.5_Ni5_Cu0_C0_SWV_curve.png;057_RF1.5_Ni5_Cu0_C0/deliverables/057_RF1.5_Ni5_Cu0_C0_components.png;057_RF1.5_Ni5_Cu0_C0/deliverables/057_RF1.5_Ni5_Cu0_C0_baseline_zoom.png;057_RF1.5_Ni5_Cu0_C0/swv_data.csv
58;1.5;5;2;0.0;43.04;7.44e-08;0.93;2324.0166;-0.24;56.0;1.9312;4.13;562.4;0.9993;45.4;OK;058_RF1.5_Ni5_Cu2_C0;25.0;0.0;0.0;1.7216;058_RF1.5_Ni5_Cu2_C0/deliverables/058_RF1.5_Ni5_Cu2_C0_SWV_curve.png;058_RF1.5_Ni5_Cu2_C0/deliverables/058_RF1.5_Ni5_Cu2_C0_components.png;058_RF1.5_Ni5_Cu2_C0/deliverables/058_RF1.5_Ni5_Cu2_C0_baseline_zoom.png;058_RF1.5_Ni5_Cu2_C0/swv_data.csv
59;1.5;5;2;0.1;43.04;6.64e-08;0.83;1867.2945;-0.24;56.0;1.9307;4.32;432.5;0.9993;50.8;OK;059_RF1.5_Ni5_Cu2_C0;25.0;0.0;0.0;1.7216;059_RF1.5_Ni5_Cu2_C0/deliverables/059_RF1.5_Ni5_Cu2_C0_SWV_curve.png;059_RF1.5_Ni5_Cu2_C0/deliverables/059_RF1.5_Ni5_Cu2_C0_components.png;059_RF1.5_Ni5_Cu2_C0/deliverables/059_RF1.5_Ni5_Cu2_C0_baseline_zoom.png;059_RF1.5_Ni5_Cu2_C0/swv_data.csv
60;1.5;5;2;0.3;43.04;5.04e-08;0.63;1101.0371;-0.24;56.0;1.931;4.93;223.2;0.9992;63.7;OK;060_RF1.5_Ni5_Cu2_C0;25.0;0.0;0.0;1.7216;060_RF1.5_Ni5_Cu2_C0/deliverables/060_RF1.5_Ni5_Cu2_C0_SWV_curve.png;060_RF1.5_Ni5_Cu2_C0/deliverables/060_RF1.5_Ni5_Cu2_C0_components.png;060_RF1.5_Ni5_Cu2_C0/deliverables/060_RF1.5_Ni5_Cu2_C0_baseline_zoom.png;060_RF1.5_Ni5_Cu2_C0/swv_data.csv
61;1.5;5;5;0.0;43.04;7.2e-08;0.9;2254.4861;-0.24;56.0;2.0801;4.86;464.2;0.9993;48.0;OK;061_RF1.5_Ni5_Cu5_C0;25.0;0.0;0.0;1.7216;061_RF1.5_Ni5_Cu5_C0/deliverables/061_RF1.5_Ni5_Cu5_C0_SWV_curve.png;061_RF1.5_Ni5_Cu5_C0/deliverables/061_RF1.5_Ni5_Cu5_C0_components.png;061_RF1.5_Ni5_Cu5_C0/deliverables/061_RF1.5_Ni5_Cu5_C0_baseline_zoom.png;061_RF1.5_Ni5_Cu5_C0/swv_data.csv
62;1.5;5;5;0.1;43.04;6.4e-08;0.8;1801.3011;-0.24;56.0;2.0803;4.42;407.5;0.9993;53.6;OK;062_RF1.5_Ni5_Cu5_C0;25.0;0.0;0.0;1.7216;062_RF1.5_Ni5_Cu5_C0/deliverables/062_RF1.5_Ni5_Cu5_C0_SWV_curve.png;062_RF1.5_Ni5_Cu5_C0/deliverables/062_RF1.5_Ni5_Cu5_C0_components.png;062_RF1.5_Ni5_Cu5_C0/deliverables/062_RF1.5_Ni5_Cu5_C0_baseline_zoom.png;062_RF1.5_Ni5_Cu5_C0/swv_data.csv
63;1.5;5;5;0.3;43.04;4.8e-08;0.6;1047.159;-0.24;56.0;2.0806;4.94;211.8;0.9992;66.5;OK;063_RF1.5_Ni5_Cu5_C0;25.0;0.0;0.0;1.7216;063_RF1.5_Ni5_Cu5_C0/deliverables/063_RF1.5_Ni5_Cu5_C0_SWV_curve.png;063_RF1.5_Ni5_Cu5_C0/deliverables/063_RF1.5_Ni5_Cu5_C0_components.png;063_RF1.5_Ni5_Cu5_C0/deliverables/063_RF1.5_Ni5_Cu5_C0_baseline_zoom.png;063_RF1.5_Ni5_Cu5_C0/swv_data.csv
64;1.5;10;0;0.0;43.04;7.2e-08;0.9;2245.3905;-0.24;56.0;2.0033;8.72;257.6;0.9993;47.1;OK;064_RF1.5_Ni10_Cu0_C0;25.0;0.0;0.0;1.7216;064_RF1.5_Ni10_Cu0_C0/deliverables/064_RF1.5_Ni10_Cu0_C0_SWV_curve.png;064_RF1.5_Ni10_Cu0_C0/deliverables/064_RF1.5_Ni10_Cu0_C0_components.png;064_RF1.5_Ni10_Cu0_C0/deliverables/064_RF1.5_Ni10_Cu0_C0_baseline_zoom.png;064_RF1.5_Ni10_Cu0_C0/swv_data.csv
65;1.5;10;0;0.1;43.04;6.4e-08;0.8;1795.333;-0.24;56.0;2.0029;8.52;210.7;0.9992;52.7;OK;065_RF1.5_Ni10_Cu0_C0;25.0;0.0;0.0;1.7216;065_RF1.5_Ni10_Cu0_C0/deliverables/065_RF1.5_Ni10_Cu0_C0_SWV_curve.png;065_RF1.5_Ni10_Cu0_C0/deliverables/065_RF1.5_Ni10_Cu0_C0_components.png;065_RF1.5_Ni10_Cu0_C0/deliverables/065_RF1.5_Ni10_Cu0_C0_baseline_zoom.png;065_RF1.5_Ni10_Cu0_C0/swv_data.csv
66;1.5;10;0;0.3;43.04;4.8e-08;0.6;1040.8763;-0.24;56.0;2.0038;8.72;119.4;0.9989;65.8;OK;066_RF1.5_Ni10_Cu0_C0;25.0;0.0;0.0;1.7216;066_RF1.5_Ni10_Cu0_C0/deliverables/066_RF1.5_Ni10_Cu0_C0_SWV_curve.png;066_RF1.5_Ni10_Cu0_C0/deliverables/066_RF1.5_Ni10_Cu0_C0_components.png;066_RF1.5_Ni10_Cu0_C0/deliverables/066_RF1.5_Ni10_Cu0_C0_baseline_zoom.png;066_RF1.5_Ni10_Cu0_C0/swv_data.csv
67;1.5;10;2;0.0;43.04;7.04e-08;0.88;2196.4596;-0.24;56.0;2.1026;8.91;246.6;0.9993;48.9;OK;067_RF1.5_Ni10_Cu2_C0;25.0;0.0;0.0;1.7216;067_RF1.5_Ni10_Cu2_C0/deliverables/067_RF1.5_Ni10_Cu2_C0_SWV_curve.png;067_RF1.5_Ni10_Cu2_C0/deliverables/067_RF1.5_Ni10_Cu2_C0_components.png;067_RF1.5_Ni10_Cu2_C0/deliverables/067_RF1.5_Ni10_Cu2_C0_baseline_zoom.png;067_RF1.5_Ni10_Cu2_C0/swv_data.csv
68;1.5;10;2;0.1;43.04;6.24e-08;0.78;1749.0695;-0.24;56.0;2.1024;8.53;205.1;0.9992;54.6;OK;068_RF1.5_Ni10_Cu2_C0;25.0;0.0;0.0;1.7216;068_RF1.5_Ni10_Cu2_C0/deliverables/068_RF1.5_Ni10_Cu2_C0_SWV_curve.png;068_RF1.5_Ni10_Cu2_C0/deliverables/068_RF1.5_Ni10_Cu2_C0_components.png;068_RF1.5_Ni10_Cu2_C0/deliverables/068_RF1.5_Ni10_Cu2_C0_baseline_zoom.png;068_RF1.5_Ni10_Cu2_C0/swv_data.csv
69;1.5;10;2;0.3;43.04;4.64e-08;0.58;1008.0241;-0.24;56.0;2.1025;8.51;118.5;0.9989;67.6;OK;069_RF1.5_Ni10_Cu2_C0;25.0;0.0;0.0;1.7216;069_RF1.5_Ni10_Cu2_C0/deliverables/069_RF1.5_Ni10_Cu2_C0_SWV_curve.png;069_RF1.5_Ni10_Cu2_C0/deliverables/069_RF1.5_Ni10_Cu2_C0_components.png;069_RF1.5_Ni10_Cu2_C0/deliverables/069_RF1.5_Ni10_Cu2_C0_baseline_zoom.png;069_RF1.5_Ni10_Cu2_C0/swv_data.csv
70;1.5;10;5;0.0;43.04;6.8e-08;0.85;2122.5497;-0.24;56.0;2.2521;8.5;249.6;0.9993;51.5;OK;070_RF1.5_Ni10_Cu5_C0;25.0;0.0;0.0;1.7216;070_RF1.5_Ni10_Cu5_C0/deliverables/070_RF1.5_Ni10_Cu5_C0_SWV_curve.png;070_RF1.5_Ni10_Cu5_C0/deliverables/070_RF1.5_Ni10_Cu5_C0_components.png;070_RF1.5_Ni10_Cu5_C0/deliverables/070_RF1.5_Ni10_Cu5_C0_baseline_zoom.png;070_RF1.5_Ni10_Cu5_C0/swv_data.csv
71;1.5;10;5;0.1;43.04;6e-08;0.75;1681.2061;-0.24;56.0;2.253;8.87;189.5;0.9992;57.3;OK;071_RF1.5_Ni10_Cu5_C0;25.0;0.0;0.0;1.7216;071_RF1.5_Ni10_Cu5_C0/deliverables/071_RF1.5_Ni10_Cu5_C0_SWV_curve.png;071_RF1.5_Ni10_Cu5_C0/deliverables/071_RF1.5_Ni10_Cu5_C0_components.png;071_RF1.5_Ni10_Cu5_C0/deliverables/071_RF1.5_Ni10_Cu5_C0_baseline_zoom.png;071_RF1.5_Ni10_Cu5_C0/swv_data.csv
72;1.5;10;5;0.3;43.04;4.4e-08;0.55;950.5426;-0.24;56.0;2.2521;8.3;114.5;0.9988;70.3;OK;072_RF1.5_Ni10_Cu5_C0;25.0;0.0;0.0;1.7216;072_RF1.5_Ni10_Cu5_C0/deliverables/072_RF1.5_Ni10_Cu5_C0_SWV_curve.png;072_RF1.5_Ni10_Cu5_C0/deliverables/072_RF1.5_Ni10_Cu5_C0_components.png;072_RF1.5_Ni10_Cu5_C0/deliverables/072_RF1.5_Ni10_Cu5_C0_baseline_zoom.png;072_RF1.5_Ni10_Cu5_C0/swv_data.csv
73;2.0;0;0;0.0;37.04;8e-08;1.0;3123.1897;-0.24;56.0;2.212;1.5;2076.1;0.9992;41.5;OK;073_RF2.0_Ni0_Cu0_C0;25.0;0.0;0.0;1.4816;073_RF2.0_Ni0_Cu0_C0/deliverables/073_RF2.0_Ni0_Cu0_C0_SWV_curve.png;073_RF2.0_Ni0_Cu0_C0/deliverables/073_RF2.0_Ni0_Cu0_C0_components.png;073_RF2.0_Ni0_Cu0_C0/deliverables/073_RF2.0_Ni0_Cu0_C0_baseline_zoom.png;073_RF2.0_Ni0_Cu0_C0/swv_data.csv
74;2.0;0;0;0.1;37.04;7.2e-08;0.9;2530.7598;-0.24;56.0;2.2125;1.44;1753.3;0.9992;46.6;OK;074_RF2.0_Ni0_Cu0_C0;25.0;0.0;0.0;1.4816;074_RF2.0_Ni0_Cu0_C0/deliverables/074_RF2.0_Ni0_Cu0_C0_SWV_curve.png;074_RF2.0_Ni0_Cu0_C0/deliverables/074_RF2.0_Ni0_Cu0_C0_components.png;074_RF2.0_Ni0_Cu0_C0/deliverables/074_RF2.0_Ni0_Cu0_C0_baseline_zoom.png;074_RF2.0_Ni0_Cu0_C0/swv_data.csv
75;2.0;0;0;0.3;37.04;5.6e-08;0.7;1530.4568;-0.24;56.0;2.2124;1.09;1399.2;0.9992;59.1;OK;075_RF2.0_Ni0_Cu0_C0;25.0;0.0;0.0;1.4816;075_RF2.0_Ni0_Cu0_C0/deliverables/075_RF2.0_Ni0_Cu0_C0_SWV_curve.png;075_RF2.0_Ni0_Cu0_C0/deliverables/075_RF2.0_Ni0_Cu0_C0_components.png;075_RF2.0_Ni0_Cu0_C0/deliverables/075_RF2.0_Ni0_Cu0_C0_baseline_zoom.png;075_RF2.0_Ni0_Cu0_C0/swv_data.csv
76;2.0;0;2;0.0;37.04;7.84e-08;0.98;3062.1508;-0.24;56.0;2.3449;1.47;2083.1;0.9992;43.4;OK;076_RF2.0_Ni0_Cu2_C0;25.0;0.0;0.0;1.4816;076_RF2.0_Ni0_Cu2_C0/deliverables/076_RF2.0_Ni0_Cu2_C0_SWV_curve.png;076_RF2.0_Ni0_Cu2_C0/deliverables/076_RF2.0_Ni0_Cu2_C0_components.png;076_RF2.0_Ni0_Cu2_C0/deliverables/076_RF2.0_Ni0_Cu2_C0_baseline_zoom.png;076_RF2.0_Ni0_Cu2_C0/swv_data.csv
77;2.0;0;2;0.1;37.04;7.04e-08;0.88;2474.6772;-0.24;56.0;2.3452;1.41;1758.5;0.9992;48.7;OK;077_RF2.0_Ni0_Cu2_C0;25.0;0.0;0.0;1.4816;077_RF2.0_Ni0_Cu2_C0/deliverables/077_RF2.0_Ni0_Cu2_C0_SWV_curve.png;077_RF2.0_Ni0_Cu2_C0/deliverables/077_RF2.0_Ni0_Cu2_C0_components.png;077_RF2.0_Ni0_Cu2_C0/deliverables/077_RF2.0_Ni0_Cu2_C0_baseline_zoom.png;077_RF2.0_Ni0_Cu2_C0/swv_data.csv
78;2.0;0;2;0.3;37.04;5.44e-08;0.68;1485.5048;-0.24;56.0;2.3454;1.42;1045.6;0.9992;61.2;OK;078_RF2.0_Ni0_Cu2_C0;25.0;0.0;0.0;1.4816;078_RF2.0_Ni0_Cu2_C0/deliverables/078_RF2.0_Ni0_Cu2_C0_SWV_curve.png;078_RF2.0_Ni0_Cu2_C0/deliverables/078_RF2.0_Ni0_Cu2_C0_components.png;078_RF2.0_Ni0_Cu2_C0/deliverables/078_RF2.0_Ni0_Cu2_C0_baseline_zoom.png;078_RF2.0_Ni0_Cu2_C0/swv_data.csv
79;2.0;0;5;0.0;37.04;7.6e-08;0.95;2969.8804;-0.24;56.0;2.5443;1.95;1519.3;0.9992;46.1;OK;079_RF2.0_Ni0_Cu5_C0;25.0;0.0;0.0;1.4816;079_RF2.0_Ni0_Cu5_C0/deliverables/079_RF2.0_Ni0_Cu5_C0_SWV_curve.png;079_RF2.0_Ni0_Cu5_C0/deliverables/079_RF2.0_Ni0_Cu5_C0_components.png;079_RF2.0_Ni0_Cu5_C0/deliverables/079_RF2.0_Ni0_Cu5_C0_baseline_zoom.png;079_RF2.0_Ni0_Cu5_C0/swv_data.csv
80;2.0;0;5;0.1;37.04;6.8e-08;0.85;2388.7778;-0.24;56.0;2.5443;1.58;1515.5;0.9992;51.6;OK;080_RF2.0_Ni0_Cu5_C0;25.0;0.0;0.0;1.4816;080_RF2.0_Ni0_Cu5_C0/deliverables/080_RF2.0_Ni0_Cu5_C0_SWV_curve.png;080_RF2.0_Ni0_Cu5_C0/deliverables/080_RF2.0_Ni0_Cu5_C0_components.png;080_RF2.0_Ni0_Cu5_C0/deliverables/080_RF2.0_Ni0_Cu5_C0_baseline_zoom.png;080_RF2.0_Ni0_Cu5_C0/swv_data.csv
81;2.0;0;5;0.3;37.04;5.2e-08;0.65;1420.3082;-0.24;56.0;2.5442;1.76;808.9;0.9992;64.2;OK;081_RF2.0_Ni0_Cu5_C0;25.0;0.0;0.0;1.4816;081_RF2.0_Ni0_Cu5_C0/deliverables/081_RF2.0_Ni0_Cu5_C0_SWV_curve.png;081_RF2.0_Ni0_Cu5_C0/deliverables/081_RF2.0_Ni0_Cu5_C0_components.png;081_RF2.0_Ni0_Cu5_C0/deliverables/081_RF2.0_Ni0_Cu5_C0_baseline_zoom.png;081_RF2.0_Ni0_Cu5_C0/swv_data.csv
82;2.0;2;0;0.0;37.04;7.84e-08;0.98;3057.5067;-0.24;56.0;2.3038;2.46;1242.7;0.9992;43.0;OK;082_RF2.0_Ni2_Cu0_C0;25.0;0.0;0.0;1.4816;082_RF2.0_Ni2_Cu0_C0/deliverables/082_RF2.0_Ni2_Cu0_C0_SWV_curve.png;082_RF2.0_Ni2_Cu0_C0/deliverables/082_RF2.0_Ni2_Cu0_C0_components.png;082_RF2.0_Ni2_Cu0_C0/deliverables/082_RF2.0_Ni2_Cu0_C0_baseline_zoom.png;082_RF2.0_Ni2_Cu0_C0/swv_data.csv
83;2.0;2;0;0.1;37.04;7.04e-08;0.88;2473.9615;-0.24;56.0;2.3031;2.17;1141.0;0.9992;48.2;OK;083_RF2.0_Ni2_Cu0_C0;25.0;0.0;0.0;1.4816;083_RF2.0_Ni2_Cu0_C0/deliverables/083_RF2.0_Ni2_Cu0_C0_SWV_curve.png;083_RF2.0_Ni2_Cu0_C0/deliverables/083_RF2.0_Ni2_Cu0_C0_components.png;083_RF2.0_Ni2_Cu0_C0/deliverables/083_RF2.0_Ni2_Cu0_C0_baseline_zoom.png;083_RF2.0_Ni2_Cu0_C0/swv_data.csv
84;2.0;2;0;0.3;37.04;5.44e-08;0.68;1482.8356;-0.24;56.0;2.3043;3.1;478.1;0.9992;60.8;OK;084_RF2.0_Ni2_Cu0_C0;25.0;0.0;0.0;1.4816;084_RF2.0_Ni2_Cu0_C0/deliverables/084_RF2.0_Ni2_Cu0_C0_SWV_curve.png;084_RF2.0_Ni2_Cu0_C0/deliverables/084_RF2.0_Ni2_Cu0_C0_components.png;084_RF2.0_Ni2_Cu0_C0/deliverables/084_RF2.0_Ni2_Cu0_C0_baseline_zoom.png;084_RF2.0_Ni2_Cu0_C0/swv_data.csv
85;2.0;2;2;0.0;37.04;7.68e-08;0.96;2994.59;-0.24;56.0;2.4368;2.28;1315.7;0.9992;44.9;OK;085_RF2.0_Ni2_Cu2_C0;25.0;0.0;0.0;1.4816;085_RF2.0_Ni2_Cu2_C0/deliverables/085_RF2.0_Ni2_Cu2_C0_SWV_curve.png;085_RF2.0_Ni2_Cu2_C0/deliverables/085_RF2.0_Ni2_Cu2_C0_components.png;085_RF2.0_Ni2_Cu2_C0/deliverables/085_RF2.0_Ni2_Cu2_C0_baseline_zoom.png;085_RF2.0_Ni2_Cu2_C0/swv_data.csv
86;2.0;2;2;0.1;37.04;6.88e-08;0.86;2415.3796;-0.24;56.0;2.4369;2.65;912.1;0.9992;50.2;OK;086_RF2.0_Ni2_Cu2_C0;25.0;0.0;0.0;1.4816;086_RF2.0_Ni2_Cu2_C0/deliverables/086_RF2.0_Ni2_Cu2_C0_SWV_curve.png;086_RF2.0_Ni2_Cu2_C0/deliverables/086_RF2.0_Ni2_Cu2_C0_components.png;086_RF2.0_Ni2_Cu2_C0/deliverables/086_RF2.0_Ni2_Cu2_C0_baseline_zoom.png;086_RF2.0_Ni2_Cu2_C0/swv_data.csv
87;2.0;2;2;0.3;37.04;5.28e-08;0.66;1438.9989;-0.24;56.0;2.4373;2.37;606.7;0.9992;62.9;OK;087_RF2.0_Ni2_Cu2_C0;25.0;0.0;0.0;1.4816;087_RF2.0_Ni2_Cu2_C0/deliverables/087_RF2.0_Ni2_Cu2_C0_SWV_curve.png;087_RF2.0_Ni2_Cu2_C0/deliverables/087_RF2.0_Ni2_Cu2_C0_components.png;087_RF2.0_Ni2_Cu2_C0/deliverables/087_RF2.0_Ni2_Cu2_C0_baseline_zoom.png;087_RF2.0_Ni2_Cu2_C0/swv_data.csv
88;2.0;2;5;0.0;37.04;7.44e-08;0.93;2903.2371;-0.24;56.0;2.6358;3.17;916.7;0.9992;47.6;OK;088_RF2.0_Ni2_Cu5_C0;25.0;0.0;0.0;1.4816;088_RF2.0_Ni2_Cu5_C0/deliverables/088_RF2.0_Ni2_Cu5_C0_SWV_curve.png;088_RF2.0_Ni2_Cu5_C0/deliverables/088_RF2.0_Ni2_Cu5_C0_components.png;088_RF2.0_Ni2_Cu5_C0/deliverables/088_RF2.0_Ni2_Cu5_C0_baseline_zoom.png;088_RF2.0_Ni2_Cu5_C0/swv_data.csv
89;2.0;2;5;0.1;37.04;6.64e-08;0.83;2331.2134;-0.24;56.0;2.6363;3.14;743.3;0.9992;53.1;OK;089_RF2.0_Ni2_Cu5_C0;25.0;0.0;0.0;1.4816;089_RF2.0_Ni2_Cu5_C0/deliverables/089_RF2.0_Ni2_Cu5_C0_SWV_curve.png;089_RF2.0_Ni2_Cu5_C0/deliverables/089_RF2.0_Ni2_Cu5_C0_components.png;089_RF2.0_Ni2_Cu5_C0/deliverables/089_RF2.0_Ni2_Cu5_C0_baseline_zoom.png;089_RF2.0_Ni2_Cu5_C0/swv_data.csv
90;2.0;2;5;0.3;37.04;5.04e-08;0.63;1373.0197;-0.24;56.0;2.6355;3.28;418.5;0.9992;65.7;OK;090_RF2.0_Ni2_Cu5_C0;25.0;0.0;0.0;1.4816;090_RF2.0_Ni2_Cu5_C0/deliverables/090_RF2.0_Ni2_Cu5_C0_SWV_curve.png;090_RF2.0_Ni2_Cu5_C0/deliverables/090_RF2.0_Ni2_Cu5_C0_components.png;090_RF2.0_Ni2_Cu5_C0/deliverables/090_RF2.0_Ni2_Cu5_C0_baseline_zoom.png;090_RF2.0_Ni2_Cu5_C0/swv_data.csv
91;2.0;5;0;0.0;37.04;7.6e-08;0.95;2958.7507;-0.24;56.0;2.4419;5.01;590.3;0.9992;45.2;OK;091_RF2.0_Ni5_Cu0_C0;25.0;0.0;0.0;1.4816;091_RF2.0_Ni5_Cu0_C0/deliverables/091_RF2.0_Ni5_Cu0_C0_SWV_curve.png;091_RF2.0_Ni5_Cu0_C0/deliverables/091_RF2.0_Ni5_Cu0_C0_components.png;091_RF2.0_Ni5_Cu0_C0/deliverables/091_RF2.0_Ni5_Cu0_C0_baseline_zoom.png;091_RF2.0_Ni5_Cu0_C0/swv_data.csv
92;2.0;5;0;0.1;37.04;6.8e-08;0.85;2382.9503;-0.24;56.0;2.4411;6.15;387.6;0.9992;50.6;OK;092_RF2.0_Ni5_Cu0_C0;25.0;0.0;0.0;1.4816;092_RF2.0_Ni5_Cu0_C0/deliverables/092_RF2.0_Ni5_Cu0_C0_SWV_curve.png;092_RF2.0_Ni5_Cu0_C0/deliverables/092_RF2.0_Ni5_Cu0_C0_components.png;092_RF2.0_Ni5_Cu0_C0/deliverables/092_RF2.0_Ni5_Cu0_C0_baseline_zoom.png;092_RF2.0_Ni5_Cu0_C0/swv_data.csv
93;2.0;5;0;0.3;37.04;5.2e-08;0.65;1416.6607;-0.24;56.0;2.4415;6.02;235.2;0.9991;63.3;OK;093_RF2.0_Ni5_Cu0_C0;25.0;0.0;0.0;1.4816;093_RF2.0_Ni5_Cu0_C0/deliverables/093_RF2.0_Ni5_Cu0_C0_SWV_curve.png;093_RF2.0_Ni5_Cu0_C0/deliverables/093_RF2.0_Ni5_Cu0_C0_components.png;093_RF2.0_Ni5_Cu0_C0/deliverables/093_RF2.0_Ni5_Cu0_C0_baseline_zoom.png;093_RF2.0_Ni5_Cu0_C0/swv_data.csv
94;2.0;5;2;0.0;37.04;7.44e-08;0.93;2894.9663;-0.24;56.0;2.5741;5.75;503.6;0.9992;47.1;OK;094_RF2.0_Ni5_Cu2_C0;25.0;0.0;0.0;1.4816;094_RF2.0_Ni5_Cu2_C0/deliverables/094_RF2.0_Ni5_Cu2_C0_SWV_curve.png;094_RF2.0_Ni5_Cu2_C0/deliverables/094_RF2.0_Ni5_Cu2_C0_components.png;094_RF2.0_Ni5_Cu2_C0/deliverables/094_RF2.0_Ni5_Cu2_C0_baseline_zoom.png;094_RF2.0_Ni5_Cu2_C0/swv_data.csv
95;2.0;5;2;0.1;37.04;6.64e-08;0.83;2326.271;-0.24;56.0;2.574;5.44;427.5;0.9992;52.5;OK;095_RF2.0_Ni5_Cu2_C0;25.0;0.0;0.0;1.4816;095_RF2.0_Ni5_Cu2_C0/deliverables/095_RF2.0_Ni5_Cu2_C0_SWV_curve.png;095_RF2.0_Ni5_Cu2_C0/deliverables/095_RF2.0_Ni5_Cu2_C0_components.png;095_RF2.0_Ni5_Cu2_C0/deliverables/095_RF2.0_Ni5_Cu2_C0_baseline_zoom.png;095_RF2.0_Ni5_Cu2_C0/swv_data.csv
96;2.0;5;2;0.3;37.04;5.04e-08;0.63;1370.243;-0.24;56.0;2.5742;5.25;261.0;0.9992;65.3;OK;096_RF2.0_Ni5_Cu2_C0;25.0;0.0;0.0;1.4816;096_RF2.0_Ni5_Cu2_C0/deliverables/096_RF2.0_Ni5_Cu2_C0_SWV_curve.png;096_RF2.0_Ni5_Cu2_C0/deliverables/096_RF2.0_Ni5_Cu2_C0_components.png;096_RF2.0_Ni5_Cu2_C0/deliverables/096_RF2.0_Ni5_Cu2_C0_baseline_zoom.png;096_RF2.0_Ni5_Cu2_C0/swv_data.csv
97;2.0;5;5;0.0;37.04;7.2e-08;0.9;2802.7884;-0.24;56.0;2.7733;5.2;538.5;0.9992;49.7;OK;097_RF2.0_Ni5_Cu5_C0;25.0;0.0;0.0;1.4816;097_RF2.0_Ni5_Cu5_C0/deliverables/097_RF2.0_Ni5_Cu5_C0_SWV_curve.png;097_RF2.0_Ni5_Cu5_C0/deliverables/097_RF2.0_Ni5_Cu5_C0_components.png;097_RF2.0_Ni5_Cu5_C0/deliverables/097_RF2.0_Ni5_Cu5_C0_baseline_zoom.png;097_RF2.0_Ni5_Cu5_C0/swv_data.csv
98;2.0;5;5;0.1;37.04;6.4e-08;0.8;2244.9039;-0.24;56.0;2.7732;6.3;356.2;0.9992;55.3;OK;098_RF2.0_Ni5_Cu5_C0;25.0;0.0;0.0;1.4816;098_RF2.0_Ni5_Cu5_C0/deliverables/098_RF2.0_Ni5_Cu5_C0_SWV_curve.png;098_RF2.0_Ni5_Cu5_C0/deliverables/098_RF2.0_Ni5_Cu5_C0_components.png;098_RF2.0_Ni5_Cu5_C0/deliverables/098_RF2.0_Ni5_Cu5_C0_baseline_zoom.png;098_RF2.0_Ni5_Cu5_C0/swv_data.csv
99;2.0;5;5;0.3;37.04;4.8e-08;0.6;1304.4029;-0.24;56.0;2.7735;6.13;213.0;0.9991;68.0;OK;099_RF2.0_Ni5_Cu5_C0;25.0;0.0;0.0;1.4816;099_RF2.0_Ni5_Cu5_C0/deliverables/099_RF2.0_Ni5_Cu5_C0_SWV_curve.png;099_RF2.0_Ni5_Cu5_C0/deliverables/099_RF2.0_Ni5_Cu5_C0_components.png;099_RF2.0_Ni5_Cu5_C0/deliverables/099_RF2.0_Ni5_Cu5_C0_baseline_zoom.png;099_RF2.0_Ni5_Cu5_C0/swv_data.csv
100;2.0;10;0;0.0;37.04;7.2e-08;0.9;2793.4235;-0.24;56.0;2.6699;10.7;261.1;0.9992;48.9;OK;100_RF2.0_Ni10_Cu0_C0;25.0;0.0;0.0;1.4816;100_RF2.0_Ni10_Cu0_C0/deliverables/100_RF2.0_Ni10_Cu0_C0_SWV_curve.png;100_RF2.0_Ni10_Cu0_C0/deliverables/100_RF2.0_Ni10_Cu0_C0_components.png;100_RF2.0_Ni10_Cu0_C0/deliverables/100_RF2.0_Ni10_Cu0_C0_baseline_zoom.png;100_RF2.0_Ni10_Cu0_C0/swv_data.csv
101;2.0;10;0;0.1;37.04;6.4e-08;0.8;2233.1352;-0.24;56.0;2.6695;11.86;188.3;0.9991;54.4;OK;101_RF2.0_Ni10_Cu0_C0;25.0;0.0;0.0;1.4816;101_RF2.0_Ni10_Cu0_C0/deliverables/101_RF2.0_Ni10_Cu0_C0_SWV_curve.png;101_RF2.0_Ni10_Cu0_C0/deliverables/101_RF2.0_Ni10_Cu0_C0_components.png;101_RF2.0_Ni10_Cu0_C0/deliverables/101_RF2.0_Ni10_Cu0_C0_baseline_zoom.png;101_RF2.0_Ni10_Cu0_C0/swv_data.csv
102;2.0;10;0;0.3;37.04;4.8e-08;0.6;1299.8831;-0.24;56.0;2.6705;10.71;121.4;0.9987;67.3;OK;102_RF2.0_Ni10_Cu0_C0;25.0;0.0;0.0;1.4816;102_RF2.0_Ni10_Cu0_C0/deliverables/102_RF2.0_Ni10_Cu0_C0_SWV_curve.png;102_RF2.0_Ni10_Cu0_C0/deliverables/102_RF2.0_Ni10_Cu0_C0_components.png;102_RF2.0_Ni10_Cu0_C0/deliverables/102_RF2.0_Ni10_Cu0_C0_baseline_zoom.png;102_RF2.0_Ni10_Cu0_C0/swv_data.csv
103;2.0;10;2;0.0;37.04;7.04e-08;0.88;2729.5143;-0.24;56.0;2.8029;10.7;255.1;0.9992;50.7;OK;103_RF2.0_Ni10_Cu2_C0;25.0;0.0;0.0;1.4816;103_RF2.0_Ni10_Cu2_C0/deliverables/103_RF2.0_Ni10_Cu2_C0_SWV_curve.png;103_RF2.0_Ni10_Cu2_C0/deliverables/103_RF2.0_Ni10_Cu2_C0_components.png;103_RF2.0_Ni10_Cu2_C0/deliverables/103_RF2.0_Ni10_Cu2_C0_baseline_zoom.png;103_RF2.0_Ni10_Cu2_C0/swv_data.csv
104;2.0;10;2;0.1;37.04;6.24e-08;0.78;2176.7327;-0.24;56.0;2.8026;11.14;195.3;0.9991;56.3;OK;104_RF2.0_Ni10_Cu2_C0;25.0;0.0;0.0;1.4816;104_RF2.0_Ni10_Cu2_C0/deliverables/104_RF2.0_Ni10_Cu2_C0_SWV_curve.png;104_RF2.0_Ni10_Cu2_C0/deliverables/104_RF2.0_Ni10_Cu2_C0_components.png;104_RF2.0_Ni10_Cu2_C0/deliverables/104_RF2.0_Ni10_Cu2_C0_baseline_zoom.png;104_RF2.0_Ni10_Cu2_C0/swv_data.csv
105;2.0;10;2;0.3;37.04;4.64e-08;0.58;1255.4921;-0.24;56.0;2.8031;11.21;112.0;0.9987;69.1;OK;105_RF2.0_Ni10_Cu2_C0;25.0;0.0;0.0;1.4816;105_RF2.0_Ni10_Cu2_C0/deliverables/105_RF2.0_Ni10_Cu2_C0_SWV_curve.png;105_RF2.0_Ni10_Cu2_C0/deliverables/105_RF2.0_Ni10_Cu2_C0_components.png;105_RF2.0_Ni10_Cu2_C0/deliverables/105_RF2.0_Ni10_Cu2_C0_baseline_zoom.png;105_RF2.0_Ni10_Cu2_C0/swv_data.csv
106;2.0;10;5;0.0;37.04;6.8e-08;0.85;2641.0548;-0.24;56.0;3.0024;11.63;227.1;0.9992;53.2;OK;106_RF2.0_Ni10_Cu5_C0;25.0;0.0;0.0;1.4816;106_RF2.0_Ni10_Cu5_C0/deliverables/106_RF2.0_Ni10_Cu5_C0_SWV_curve.png;106_RF2.0_Ni10_Cu5_C0/deliverables/106_RF2.0_Ni10_Cu5_C0_components.png;106_RF2.0_Ni10_Cu5_C0/deliverables/106_RF2.0_Ni10_Cu5_C0_baseline_zoom.png;106_RF2.0_Ni10_Cu5_C0/swv_data.csv
107;2.0;10;5;0.1;37.04;6e-08;0.75;2087.8224;-0.24;56.0;3.0035;11.28;185.1;0.9991;59.0;OK;107_RF2.0_Ni10_Cu5_C0;25.0;0.0;0.0;1.4816;107_RF2.0_Ni10_Cu5_C0/deliverables/107_RF2.0_Ni10_Cu5_C0_SWV_curve.png;107_RF2.0_Ni10_Cu5_C0/deliverables/107_RF2.0_Ni10_Cu5_C0_components.png;107_RF2.0_Ni10_Cu5_C0/deliverables/107_RF2.0_Ni10_Cu5_C0_baseline_zoom.png;107_RF2.0_Ni10_Cu5_C0/swv_data.csv
108;2.0;10;5;0.3;37.04;4.4e-08;0.55;1187.2421;-0.24;56.0;3.0025;11.58;102.5;0.9987;71.7;OK;108_RF2.0_Ni10_Cu5_C0;25.0;0.0;0.0;1.4816;108_RF2.0_Ni10_Cu5_C0/deliverables/108_RF2.0_Ni10_Cu5_C0_SWV_curve.png;108_RF2.0_Ni10_Cu5_C0/deliverables/108_RF2.0_Ni10_Cu5_C0_components.png;108_RF2.0_Ni10_Cu5_C0/deliverables/108_RF2.0_Ni10_Cu5_C0_baseline_zoom.png;108_RF2.0_Ni10_Cu5_C0/swv_data.csv
109;3.0;0;0;0.0;27.44;8e-08;1.0;3929.8252;-0.24;56.0;3.3189;2.08;1891.8;0.999;45.8;OK;109_RF3.0_Ni0_Cu0_C0;25.0;0.0;0.0;1.0976000000000001;109_RF3.0_Ni0_Cu0_C0/deliverables/109_RF3.0_Ni0_Cu0_C0_SWV_curve.png;109_RF3.0_Ni0_Cu0_C0/deliverables/109_RF3.0_Ni0_Cu0_C0_components.png;109_RF3.0_Ni0_Cu0_C0/deliverables/109_RF3.0_Ni0_Cu0_C0_baseline_zoom.png;109_RF3.0_Ni0_Cu0_C0/swv_data.csv
110;3.0;0;0;0.1;27.44;7.2e-08;0.9;3181.4597;-0.24;56.0;3.3186;1.59;1996.2;0.999;51.1;OK;110_RF3.0_Ni0_Cu0_C0;25.0;0.0;0.0;1.0976000000000001;110_RF3.0_Ni0_Cu0_C0/deliverables/110_RF3.0_Ni0_Cu0_C0_SWV_curve.png;110_RF3.0_Ni0_Cu0_C0/deliverables/110_RF3.0_Ni0_Cu0_C0_components.png;110_RF3.0_Ni0_Cu0_C0/deliverables/110_RF3.0_Ni0_Cu0_C0_baseline_zoom.png;110_RF3.0_Ni0_Cu0_C0/swv_data.csv
111;3.0;0;0;0.3;27.44;5.6e-08;0.7;1925.3941;-0.24;56.0;3.3186;1.34;1433.9;0.9989;63.3;OK;111_RF3.0_Ni0_Cu0_C0;25.0;0.0;0.0;1.0976000000000001;111_RF3.0_Ni0_Cu0_C0/deliverables/111_RF3.0_Ni0_Cu0_C0_SWV_curve.png;111_RF3.0_Ni0_Cu0_C0/deliverables/111_RF3.0_Ni0_Cu0_C0_components.png;111_RF3.0_Ni0_Cu0_C0/deliverables/111_RF3.0_Ni0_Cu0_C0_baseline_zoom.png;111_RF3.0_Ni0_Cu0_C0/swv_data.csv
112;3.0;0;2;0.0;27.44;7.84e-08;0.98;3853.8705;-0.24;56.0;3.5178;1.61;2388.8;0.999;47.7;OK;112_RF3.0_Ni0_Cu2_C0;25.0;0.0;0.0;1.0976000000000001;112_RF3.0_Ni0_Cu2_C0/deliverables/112_RF3.0_Ni0_Cu2_C0_SWV_curve.png;112_RF3.0_Ni0_Cu2_C0/deliverables/112_RF3.0_Ni0_Cu2_C0_components.png;112_RF3.0_Ni0_Cu2_C0/deliverables/112_RF3.0_Ni0_Cu2_C0_baseline_zoom.png;112_RF3.0_Ni0_Cu2_C0/swv_data.csv
113;3.0;0;2;0.1;27.44;7.04e-08;0.88;3110.8049;-0.24;56.0;3.5175;2.03;1532.5;0.999;53.1;OK;113_RF3.0_Ni0_Cu2_C0;25.0;0.0;0.0;1.0976000000000001;113_RF3.0_Ni0_Cu2_C0/deliverables/113_RF3.0_Ni0_Cu2_C0_SWV_curve.png;113_RF3.0_Ni0_Cu2_C0/deliverables/113_RF3.0_Ni0_Cu2_C0_components.png;113_RF3.0_Ni0_Cu2_C0/deliverables/113_RF3.0_Ni0_Cu2_C0_baseline_zoom.png;113_RF3.0_Ni0_Cu2_C0/swv_data.csv
114;3.0;0;2;0.3;27.44;5.44e-08;0.68;1867.0515;-0.24;56.0;3.5181;1.75;1067.9;0.999;65.3;OK;114_RF3.0_Ni0_Cu2_C0;25.0;0.0;0.0;1.0976000000000001;114_RF3.0_Ni0_Cu2_C0/deliverables/114_RF3.0_Ni0_Cu2_C0_SWV_curve.png;114_RF3.0_Ni0_Cu2_C0/deliverables/114_RF3.0_Ni0_Cu2_C0_components.png;114_RF3.0_Ni0_Cu2_C0/deliverables/114_RF3.0_Ni0_Cu2_C0_baseline_zoom.png;114_RF3.0_Ni0_Cu2_C0/swv_data.csv
115;3.0;0;5;0.0;27.44;7.6e-08;0.95;3735.6827;-0.24;56.0;3.8166;2.52;1480.7;0.999;50.5;OK;115_RF3.0_Ni0_Cu5_C0;25.0;0.0;0.0;1.0976000000000001;115_RF3.0_Ni0_Cu5_C0/deliverables/115_RF3.0_Ni0_Cu5_C0_SWV_curve.png;115_RF3.0_Ni0_Cu5_C0/deliverables/115_RF3.0_Ni0_Cu5_C0_components.png;115_RF3.0_Ni0_Cu5_C0/deliverables/115_RF3.0_Ni0_Cu5_C0_baseline_zoom.png;115_RF3.0_Ni0_Cu5_C0/swv_data.csv
116;3.0;0;5;0.1;27.44;6.8e-08;0.85;3005.3579;-0.24;56.0;3.8161;2.94;1022.9;0.999;55.9;OK;116_RF3.0_Ni0_Cu5_C0;25.0;0.0;0.0;1.0976000000000001;116_RF3.0_Ni0_Cu5_C0/deliverables/116_RF3.0_Ni0_Cu5_C0_SWV_curve.png;116_RF3.0_Ni0_Cu5_C0/deliverables/116_RF3.0_Ni0_Cu5_C0_components.png;116_RF3.0_Ni0_Cu5_C0/deliverables/116_RF3.0_Ni0_Cu5_C0_baseline_zoom.png;116_RF3.0_Ni0_Cu5_C0/swv_data.csv
117;3.0;0;5;0.3;27.44;5.2e-08;0.65;1786.1548;-0.24;56.0;3.8157;1.89;947.0;0.999;68.1;OK;117_RF3.0_Ni0_Cu5_C0;25.0;0.0;0.0;1.0976000000000001;117_RF3.0_Ni0_Cu5_C0/deliverables/117_RF3.0_Ni0_Cu5_C0_SWV_curve.png;117_RF3.0_Ni0_Cu5_C0/deliverables/117_RF3.0_Ni0_Cu5_C0_components.png;117_RF3.0_Ni0_Cu5_C0/deliverables/117_RF3.0_Ni0_Cu5_C0_baseline_zoom.png;117_RF3.0_Ni0_Cu5_C0/swv_data.csv
118;3.0;2;0;0.0;27.44;7.84e-08;0.98;3845.6658;-0.24;56.0;3.456;3.27;1175.7;0.999;47.3;OK;118_RF3.0_Ni2_Cu0_C0;25.0;0.0;0.0;1.0976000000000001;118_RF3.0_Ni2_Cu0_C0/deliverables/118_RF3.0_Ni2_Cu0_C0_SWV_curve.png;118_RF3.0_Ni2_Cu0_C0/deliverables/118_RF3.0_Ni2_Cu0_C0_components.png;118_RF3.0_Ni2_Cu0_C0/deliverables/118_RF3.0_Ni2_Cu0_C0_baseline_zoom.png;118_RF3.0_Ni2_Cu0_C0/swv_data.csv
119;3.0;2;0;0.1;27.44;7.04e-08;0.88;3105.428;-0.24;56.0;3.4571;4.07;763.0;0.999;52.7;OK;119_RF3.0_Ni2_Cu0_C0;25.0;0.0;0.0;1.0976000000000001;119_RF3.0_Ni2_Cu0_C0/deliverables/119_RF3.0_Ni2_Cu0_C0_SWV_curve.png;119_RF3.0_Ni2_Cu0_C0/deliverables/119_RF3.0_Ni2_Cu0_C0_components.png;119_RF3.0_Ni2_Cu0_C0/deliverables/119_RF3.0_Ni2_Cu0_C0_baseline_zoom.png;119_RF3.0_Ni2_Cu0_C0/swv_data.csv
120;3.0;2;0;0.3;27.44;5.44e-08;0.68;1865.6758;-0.24;56.0;3.4562;3.87;482.6;0.999;64.9;OK;120_RF3.0_Ni2_Cu0_C0;25.0;0.0;0.0;1.0976000000000001;120_RF3.0_Ni2_Cu0_C0/deliverables/120_RF3.0_Ni2_Cu0_C0_SWV_curve.png;120_RF3.0_Ni2_Cu0_C0/deliverables/120_RF3.0_Ni2_Cu0_C0_components.png;120_RF3.0_Ni2_Cu0_C0/deliverables/120_RF3.0_Ni2_Cu0_C0_baseline_zoom.png;120_RF3.0_Ni2_Cu0_C0/swv_data.csv
121;3.0;2;2;0.0;27.44;7.68e-08;0.96;3767.3765;-0.24;56.0;3.656;4.63;814.4;0.999;49.2;OK;121_RF3.0_Ni2_Cu2_C0;25.0;0.0;0.0;1.0976000000000001;121_RF3.0_Ni2_Cu2_C0/deliverables/121_RF3.0_Ni2_Cu2_C0_SWV_curve.png;121_RF3.0_Ni2_Cu2_C0/deliverables/121_RF3.0_Ni2_Cu2_C0_components.png;121_RF3.0_Ni2_Cu2_C0/deliverables/121_RF3.0_Ni2_Cu2_C0_baseline_zoom.png;121_RF3.0_Ni2_Cu2_C0/swv_data.csv
122;3.0;2;2;0.1;27.44;6.88e-08;0.86;3039.7506;-0.24;56.0;3.6558;4.46;682.3;0.999;54.6;OK;122_RF3.0_Ni2_Cu2_C0;25.0;0.0;0.0;1.0976000000000001;122_RF3.0_Ni2_Cu2_C0/deliverables/122_RF3.0_Ni2_Cu2_C0_SWV_curve.png;122_RF3.0_Ni2_Cu2_C0/deliverables/122_RF3.0_Ni2_Cu2_C0_components.png;122_RF3.0_Ni2_Cu2_C0/deliverables/122_RF3.0_Ni2_Cu2_C0_baseline_zoom.png;122_RF3.0_Ni2_Cu2_C0/swv_data.csv
123;3.0;2;2;0.3;27.44;5.28e-08;0.66;1808.3654;-0.24;56.0;3.6555;4.2;430.6;0.999;66.9;OK;123_RF3.0_Ni2_Cu2_C0;25.0;0.0;0.0;1.0976000000000001;123_RF3.0_Ni2_Cu2_C0/deliverables/123_RF3.0_Ni2_Cu2_C0_SWV_curve.png;123_RF3.0_Ni2_Cu2_C0/deliverables/123_RF3.0_Ni2_Cu2_C0_components.png;123_RF3.0_Ni2_Cu2_C0/deliverables/123_RF3.0_Ni2_Cu2_C0_baseline_zoom.png;123_RF3.0_Ni2_Cu2_C0/swv_data.csv
124;3.0;2;5;0.0;27.44;7.44e-08;0.93;3649.7282;-0.24;56.0;3.9541;4.44;822.6;0.999;52.0;OK;124_RF3.0_Ni2_Cu5_C0;25.0;0.0;0.0;1.0976000000000001;124_RF3.0_Ni2_Cu5_C0/deliverables/124_RF3.0_Ni2_Cu5_C0_SWV_curve.png;124_RF3.0_Ni2_Cu5_C0/deliverables/124_RF3.0_Ni2_Cu5_C0_components.png;124_RF3.0_Ni2_Cu5_C0/deliverables/124_RF3.0_Ni2_Cu5_C0_baseline_zoom.png;124_RF3.0_Ni2_Cu5_C0/swv_data.csv
125;3.0;2;5;0.1;27.44;6.64e-08;0.83;2933.407;-0.24;56.0;3.9535;4.51;651.1;0.999;57.4;OK;125_RF3.0_Ni2_Cu5_C0;25.0;0.0;0.0;1.0976000000000001;125_RF3.0_Ni2_Cu5_C0/deliverables/125_RF3.0_Ni2_Cu5_C0_SWV_curve.png;125_RF3.0_Ni2_Cu5_C0/deliverables/125_RF3.0_Ni2_Cu5_C0_components.png;125_RF3.0_Ni2_Cu5_C0/deliverables/125_RF3.0_Ni2_Cu5_C0_baseline_zoom.png;125_RF3.0_Ni2_Cu5_C0/swv_data.csv
126;3.0;2;5;0.3;27.44;5.04e-08;0.63;1730.812;-0.24;56.0;3.954;4.26;406.6;0.999;69.6;OK;126_RF3.0_Ni2_Cu5_C0;25.0;0.0;0.0;1.0976000000000001;126_RF3.0_Ni2_Cu5_C0/deliverables/126_RF3.0_Ni2_Cu5_C0_SWV_curve.png;126_RF3.0_Ni2_Cu5_C0/deliverables/126_RF3.0_Ni2_Cu5_C0_components.png;126_RF3.0_Ni2_Cu5_C0/deliverables/126_RF3.0_Ni2_Cu5_C0_baseline_zoom.png;126_RF3.0_Ni2_Cu5_C0/swv_data.csv
127;3.0;5;0;0.0;27.44;7.6e-08;0.95;3718.5572;-0.24;56.0;3.6627;9.09;409.0;0.999;49.6;OK;127_RF3.0_Ni5_Cu0_C0;25.0;0.0;0.0;1.0976000000000001;127_RF3.0_Ni5_Cu0_C0/deliverables/127_RF3.0_Ni5_Cu0_C0_SWV_curve.png;127_RF3.0_Ni5_Cu0_C0/deliverables/127_RF3.0_Ni5_Cu0_C0_components.png;127_RF3.0_Ni5_Cu0_C0/deliverables/127_RF3.0_Ni5_Cu0_C0_baseline_zoom.png;127_RF3.0_Ni5_Cu0_C0/swv_data.csv
128;3.0;5;0;0.1;27.44;6.8e-08;0.85;2996.0358;-0.24;56.0;3.6625;9.14;327.9;0.999;55.0;OK;128_RF3.0_Ni5_Cu0_C0;25.0;0.0;0.0;1.0976000000000001;128_RF3.0_Ni5_Cu0_C0/deliverables/128_RF3.0_Ni5_Cu0_C0_SWV_curve.png;128_RF3.0_Ni5_Cu0_C0/deliverables/128_RF3.0_Ni5_Cu0_C0_components.png;128_RF3.0_Ni5_Cu0_C0/deliverables/128_RF3.0_Ni5_Cu0_C0_baseline_zoom.png;128_RF3.0_Ni5_Cu0_C0/swv_data.csv
129;3.0;5;0;0.3;27.44;5.2e-08;0.65;1773.9702;-0.24;56.0;3.6628;8.96;198.0;0.999;67.4;OK;129_RF3.0_Ni5_Cu0_C0;25.0;0.0;0.0;1.0976000000000001;129_RF3.0_Ni5_Cu0_C0/deliverables/129_RF3.0_Ni5_Cu0_C0_SWV_curve.png;129_RF3.0_Ni5_Cu0_C0/deliverables/129_RF3.0_Ni5_Cu0_C0_components.png;129_RF3.0_Ni5_Cu0_C0/deliverables/129_RF3.0_Ni5_Cu0_C0_baseline_zoom.png;129_RF3.0_Ni5_Cu0_C0/swv_data.csv
130;3.0;5;2;0.0;27.44;7.44e-08;0.93;3644.1408;-0.24;56.0;3.8616;8.29;439.7;0.999;51.4;OK;130_RF3.0_Ni5_Cu2_C0;25.0;0.0;0.0;1.0976000000000001;130_RF3.0_Ni5_Cu2_C0/deliverables/130_RF3.0_Ni5_Cu2_C0_SWV_curve.png;130_RF3.0_Ni5_Cu2_C0/deliverables/130_RF3.0_Ni5_Cu2_C0_components.png;130_RF3.0_Ni5_Cu2_C0/deliverables/130_RF3.0_Ni5_Cu2_C0_baseline_zoom.png;130_RF3.0_Ni5_Cu2_C0/swv_data.csv
131;3.0;5;2;0.1;27.44;6.64e-08;0.83;2925.5309;-0.24;56.0;3.8606;8.52;343.2;0.999;56.9;OK;131_RF3.0_Ni5_Cu2_C0;25.0;0.0;0.0;1.0976000000000001;131_RF3.0_Ni5_Cu2_C0/deliverables/131_RF3.0_Ni5_Cu2_C0_SWV_curve.png;131_RF3.0_Ni5_Cu2_C0/deliverables/131_RF3.0_Ni5_Cu2_C0_components.png;131_RF3.0_Ni5_Cu2_C0/deliverables/131_RF3.0_Ni5_Cu2_C0_baseline_zoom.png;131_RF3.0_Ni5_Cu2_C0/swv_data.csv
132;3.0;5;2;0.3;27.44;5.04e-08;0.63;1721.6884;-0.24;56.0;3.8616;8.8;195.6;0.9989;69.2;OK;132_RF3.0_Ni5_Cu2_C0;25.0;0.0;0.0;1.0976000000000001;132_RF3.0_Ni5_Cu2_C0/deliverables/132_RF3.0_Ni5_Cu2_C0_SWV_curve.png;132_RF3.0_Ni5_Cu2_C0/deliverables/132_RF3.0_Ni5_Cu2_C0_components.png;132_RF3.0_Ni5_Cu2_C0/deliverables/132_RF3.0_Ni5_Cu2_C0_baseline_zoom.png;132_RF3.0_Ni5_Cu2_C0/swv_data.csv
133;3.0;5;5;0.0;27.44;7.2e-08;0.9;3522.7112;-0.24;56.0;4.1605;9.27;380.1;0.999;54.1;OK;133_RF3.0_Ni5_Cu5_C0;25.0;0.0;0.0;1.0976000000000001;133_RF3.0_Ni5_Cu5_C0/deliverables/133_RF3.0_Ni5_Cu5_C0_SWV_curve.png;133_RF3.0_Ni5_Cu5_C0/deliverables/133_RF3.0_Ni5_Cu5_C0_components.png;133_RF3.0_Ni5_Cu5_C0/deliverables/133_RF3.0_Ni5_Cu5_C0_baseline_zoom.png;133_RF3.0_Ni5_Cu5_C0/swv_data.csv
134;3.0;5;5;0.1;27.44;6.4e-08;0.8;2825.076;-0.24;56.0;4.1591;9.25;305.5;0.999;59.5;OK;134_RF3.0_Ni5_Cu5_C0;25.0;0.0;0.0;1.0976000000000001;134_RF3.0_Ni5_Cu5_C0/deliverables/134_RF3.0_Ni5_Cu5_C0_SWV_curve.png;134_RF3.0_Ni5_Cu5_C0/deliverables/134_RF3.0_Ni5_Cu5_C0_components.png;134_RF3.0_Ni5_Cu5_C0/deliverables/134_RF3.0_Ni5_Cu5_C0_baseline_zoom.png;134_RF3.0_Ni5_Cu5_C0/swv_data.csv
135;3.0;5;5;0.3;27.44;4.8e-08;0.6;1637.8844;-0.24;56.0;4.1605;7.78;210.4;0.9989;71.7;OK;135_RF3.0_Ni5_Cu5_C0;25.0;0.0;0.0;1.0976000000000001;135_RF3.0_Ni5_Cu5_C0/deliverables/135_RF3.0_Ni5_Cu5_C0_SWV_curve.png;135_RF3.0_Ni5_Cu5_C0/deliverables/135_RF3.0_Ni5_Cu5_C0_components.png;135_RF3.0_Ni5_Cu5_C0/deliverables/135_RF3.0_Ni5_Cu5_C0_baseline_zoom.png;135_RF3.0_Ni5_Cu5_C0/swv_data.csv
136;3.0;10;0;0.0;27.44;7.2e-08;0.9;3515.0128;-0.24;56.0;4.0046;17.01;206.6;0.9989;53.2;OK;136_RF3.0_Ni10_Cu0_C0;25.0;0.0;0.0;1.0976000000000001;136_RF3.0_Ni10_Cu0_C0/deliverables/136_RF3.0_Ni10_Cu0_C0_SWV_curve.png;136_RF3.0_Ni10_Cu0_C0/deliverables/136_RF3.0_Ni10_Cu0_C0_components.png;136_RF3.0_Ni10_Cu0_C0/deliverables/136_RF3.0_Ni10_Cu0_C0_baseline_zoom.png;136_RF3.0_Ni10_Cu0_C0/swv_data.csv
137;3.0;10;0;0.1;27.44;6.4e-08;0.8;2804.5215;-0.24;56.0;4.0055;16.12;174.0;0.9989;58.8;OK;137_RF3.0_Ni10_Cu0_C0;25.0;0.0;0.0;1.0976000000000001;137_RF3.0_Ni10_Cu0_C0/deliverables/137_RF3.0_Ni10_Cu0_C0_SWV_curve.png;137_RF3.0_Ni10_Cu0_C0/deliverables/137_RF3.0_Ni10_Cu0_C0_components.png;137_RF3.0_Ni10_Cu0_C0/deliverables/137_RF3.0_Ni10_Cu0_C0_baseline_zoom.png;137_RF3.0_Ni10_Cu0_C0/swv_data.csv
138;3.0;10;0;0.3;27.44;4.8e-08;0.6;1623.5734;-0.24;56.0;4.0061;16.15;100.5;0.9985;71.2;OK;138_RF3.0_Ni10_Cu0_C0;25.0;0.0;0.0;1.0976000000000001;138_RF3.0_Ni10_Cu0_C0/deliverables/138_RF3.0_Ni10_Cu0_C0_SWV_curve.png;138_RF3.0_Ni10_Cu0_C0/deliverables/138_RF3.0_Ni10_Cu0_C0_components.png;138_RF3.0_Ni10_Cu0_C0/deliverables/138_RF3.0_Ni10_Cu0_C0_baseline_zoom.png;138_RF3.0_Ni10_Cu0_C0/swv_data.csv
139;3.0;10;2;0.0;27.44;7.04e-08;0.88;3430.8575;-0.24;56.0;4.2053;15.58;220.2;0.999;55.1;OK;139_RF3.0_Ni10_Cu2_C0;25.0;0.0;0.0;1.0976000000000001;139_RF3.0_Ni10_Cu2_C0/deliverables/139_RF3.0_Ni10_Cu2_C0_SWV_curve.png;139_RF3.0_Ni10_Cu2_C0/deliverables/139_RF3.0_Ni10_Cu2_C0_components.png;139_RF3.0_Ni10_Cu2_C0/deliverables/139_RF3.0_Ni10_Cu2_C0_baseline_zoom.png;139_RF3.0_Ni10_Cu2_C0/swv_data.csv
140;3.0;10;2;0.1;27.44;6.24e-08;0.78;2734.9064;-0.24;56.0;4.2053;17.87;153.1;0.9989;60.6;OK;140_RF3.0_Ni10_Cu2_C0;25.0;0.0;0.0;1.0976000000000001;140_RF3.0_Ni10_Cu2_C0/deliverables/140_RF3.0_Ni10_Cu2_C0_SWV_curve.png;140_RF3.0_Ni10_Cu2_C0/deliverables/140_RF3.0_Ni10_Cu2_C0_components.png;140_RF3.0_Ni10_Cu2_C0/deliverables/140_RF3.0_Ni10_Cu2_C0_baseline_zoom.png;140_RF3.0_Ni10_Cu2_C0/swv_data.csv
141;3.0;10;2;0.3;27.44;4.64e-08;0.58;1576.1896;-0.24;56.0;4.2058;17.71;89.0;0.9983;72.7;OK;141_RF3.0_Ni10_Cu2_C0;25.0;0.0;0.0;1.0976000000000001;141_RF3.0_Ni10_Cu2_C0/deliverables/141_RF3.0_Ni10_Cu2_C0_SWV_curve.png;141_RF3.0_Ni10_Cu2_C0/deliverables/141_RF3.0_Ni10_Cu2_C0_components.png;141_RF3.0_Ni10_Cu2_C0/deliverables/141_RF3.0_Ni10_Cu2_C0_baseline_zoom.png;141_RF3.0_Ni10_Cu2_C0/swv_data.csv
142;3.0;10;5;0.0;27.44;6.8e-08;0.85;3319.2069;-0.24;56.0;4.5042;16.78;197.8;0.999;57.6;OK;142_RF3.0_Ni10_Cu5_C0;25.0;0.0;0.0;1.0976000000000001;142_RF3.0_Ni10_Cu5_C0/deliverables/142_RF3.0_Ni10_Cu5_C0_SWV_curve.png;142_RF3.0_Ni10_Cu5_C0/deliverables/142_RF3.0_Ni10_Cu5_C0_components.png;142_RF3.0_Ni10_Cu5_C0/deliverables/142_RF3.0_Ni10_Cu5_C0_baseline_zoom.png;142_RF3.0_Ni10_Cu5_C0/swv_data.csv
143;3.0;10;5;0.1;27.44;6e-08;0.75;2634.0306;-0.24;56.0;4.5042;17.44;151.0;0.9988;63.1;OK;143_RF3.0_Ni10_Cu5_C0;25.0;0.0;0.0;1.0976000000000001;143_RF3.0_Ni10_Cu5_C0/deliverables/143_RF3.0_Ni10_Cu5_C0_SWV_curve.png;143_RF3.0_Ni10_Cu5_C0/deliverables/143_RF3.0_Ni10_Cu5_C0_components.png;143_RF3.0_Ni10_Cu5_C0/deliverables/143_RF3.0_Ni10_Cu5_C0_baseline_zoom.png;143_RF3.0_Ni10_Cu5_C0/swv_data.csv
144;3.0;10;5;0.3;27.44;4.4e-08;0.55;1488.3346;-0.24;56.0;4.5042;17.66;84.3;0.9982;75.2;OK;144_RF3.0_Ni10_Cu5_C0;25.0;0.0;0.0;1.0976000000000001;144_RF3.0_Ni10_Cu5_C0/deliverables/144_RF3.0_Ni10_Cu5_C0_SWV_curve.png;144_RF3.0_Ni10_Cu5_C0/deliverables/144_RF3.0_Ni10_Cu5_C0_components.png;144_RF3.0_Ni10_Cu5_C0/deliverables/144_RF3.0_Ni10_Cu5_C0_baseline_zoom.png;144_RF3.0_Ni10_Cu5_C0/swv_data.csv
145;5.0;0;0;0.0;15.06;8e-08;1.0;4108.7599;-0.244;60.0;5.5316;3.16;1301.4;0.9984;57.4;OK;145_RF5.0_Ni0_Cu0_C0;25.0;0.0;0.0;0.6024;145_RF5.0_Ni0_Cu0_C0/deliverables/145_RF5.0_Ni0_Cu0_C0_SWV_curve.png;145_RF5.0_Ni0_Cu0_C0/deliverables/145_RF5.0_Ni0_Cu0_C0_components.png;145_RF5.0_Ni0_Cu0_C0/deliverables/145_RF5.0_Ni0_Cu0_C0_baseline_zoom.png;145_RF5.0_Ni0_Cu0_C0/swv_data.csv
146;5.0;0;0;0.1;15.06;7.2e-08;0.9;3326.6485;-0.244;60.0;5.532;2.7;1231.8;0.9984;62.4;OK;146_RF5.0_Ni0_Cu0_C0;25.0;0.0;0.0;0.6024;146_RF5.0_Ni0_Cu0_C0/deliverables/146_RF5.0_Ni0_Cu0_C0_SWV_curve.png;146_RF5.0_Ni0_Cu0_C0/deliverables/146_RF5.0_Ni0_Cu0_C0_components.png;146_RF5.0_Ni0_Cu0_C0/deliverables/146_RF5.0_Ni0_Cu0_C0_baseline_zoom.png;146_RF5.0_Ni0_Cu0_C0/swv_data.csv
147;5.0;0;0;0.3;15.06;5.6e-08;0.7;2006.2591;-0.24;60.0;5.5311;2.26;886.8;0.9985;73.4;OK;147_RF5.0_Ni0_Cu0_C0;25.0;0.0;0.0;0.6024;147_RF5.0_Ni0_Cu0_C0/deliverables/147_RF5.0_Ni0_Cu0_C0_SWV_curve.png;147_RF5.0_Ni0_Cu0_C0/deliverables/147_RF5.0_Ni0_Cu0_C0_components.png;147_RF5.0_Ni0_Cu0_C0/deliverables/147_RF5.0_Ni0_Cu0_C0_baseline_zoom.png;147_RF5.0_Ni0_Cu0_C0/swv_data.csv
148;5.0;0;2;0.0;15.06;7.84e-08;0.98;4020.621;-0.244;60.0;5.8632;3.79;1060.1;0.9984;59.3;OK;148_RF5.0_Ni0_Cu2_C0;25.0;0.0;0.0;0.6024;148_RF5.0_Ni0_Cu2_C0/deliverables/148_RF5.0_Ni0_Cu2_C0_SWV_curve.png;148_RF5.0_Ni0_Cu2_C0/deliverables/148_RF5.0_Ni0_Cu2_C0_components.png;148_RF5.0_Ni0_Cu2_C0/deliverables/148_RF5.0_Ni0_Cu2_C0_baseline_zoom.png;148_RF5.0_Ni0_Cu2_C0/swv_data.csv
149;5.0;0;2;0.1;15.06;7.04e-08;0.88;3252.241;-0.24;60.0;5.8621;2.79;1166.0;0.9984;64.3;OK;149_RF5.0_Ni0_Cu2_C0;25.0;0.0;0.0;0.6024;149_RF5.0_Ni0_Cu2_C0/deliverables/149_RF5.0_Ni0_Cu2_C0_SWV_curve.png;149_RF5.0_Ni0_Cu2_C0/deliverables/149_RF5.0_Ni0_Cu2_C0_components.png;149_RF5.0_Ni0_Cu2_C0/deliverables/149_RF5.0_Ni0_Cu2_C0_baseline_zoom.png;149_RF5.0_Ni0_Cu2_C0/swv_data.csv
150;5.0;0;2;0.3;15.06;5.44e-08;0.68;1951.0231;-0.244;60.0;5.864;2.95;661.5;0.9984;75.0;OK;150_RF5.0_Ni0_Cu2_C0;25.0;0.0;0.0;0.6024;150_RF5.0_Ni0_Cu2_C0/deliverables/150_RF5.0_Ni0_Cu2_C0_SWV_curve.png;150_RF5.0_Ni0_Cu2_C0/deliverables/150_RF5.0_Ni0_Cu2_C0_components.png;150_RF5.0_Ni0_Cu2_C0/deliverables/150_RF5.0_Ni0_Cu2_C0_baseline_zoom.png;150_RF5.0_Ni0_Cu2_C0/swv_data.csv
151;5.0;0;5;0.0;15.06;7.6e-08;0.95;3896.6908;-0.244;60.0;6.3618;3.21;1212.5;0.9984;62.0;OK;151_RF5.0_Ni0_Cu5_C0;25.0;0.0;0.0;0.6024;151_RF5.0_Ni0_Cu5_C0/deliverables/151_RF5.0_Ni0_Cu5_C0_SWV_curve.png;151_RF5.0_Ni0_Cu5_C0/deliverables/151_RF5.0_Ni0_Cu5_C0_components.png;151_RF5.0_Ni0_Cu5_C0/deliverables/151_RF5.0_Ni0_Cu5_C0_baseline_zoom.png;151_RF5.0_Ni0_Cu5_C0/swv_data.csv
152;5.0;0;5;0.1;15.06;6.8e-08;0.85;3140.6509;-0.244;60.0;6.362;3.72;843.6;0.9984;66.9;OK;152_RF5.0_Ni0_Cu5_C0;25.0;0.0;0.0;0.6024;152_RF5.0_Ni0_Cu5_C0/deliverables/152_RF5.0_Ni0_Cu5_C0_SWV_curve.png;152_RF5.0_Ni0_Cu5_C0/deliverables/152_RF5.0_Ni0_Cu5_C0_components.png;152_RF5.0_Ni0_Cu5_C0/deliverables/152_RF5.0_Ni0_Cu5_C0_baseline_zoom.png;152_RF5.0_Ni0_Cu5_C0/swv_data.csv
153;5.0;0;5;0.3;15.06;5.2e-08;0.65;1867.2435;-0.244;60.0;6.3611;3.42;546.2;0.9984;77.3;OK;153_RF5.0_Ni0_Cu5_C0;25.0;0.0;0.0;0.6024;153_RF5.0_Ni0_Cu5_C0/deliverables/153_RF5.0_Ni0_Cu5_C0_SWV_curve.png;153_RF5.0_Ni0_Cu5_C0/deliverables/153_RF5.0_Ni0_Cu5_C0_components.png;153_RF5.0_Ni0_Cu5_C0/deliverables/153_RF5.0_Ni0_Cu5_C0_baseline_zoom.png;153_RF5.0_Ni0_Cu5_C0/swv_data.csv
154;5.0;2;0;0.0;15.06;7.84e-08;0.98;4016.0861;-0.244;60.0;5.7598;6.7;599.2;0.9985;58.9;OK;154_RF5.0_Ni2_Cu0_C0;25.0;0.0;0.0;0.6024;154_RF5.0_Ni2_Cu0_C0/deliverables/154_RF5.0_Ni2_Cu0_C0_SWV_curve.png;154_RF5.0_Ni2_Cu0_C0/deliverables/154_RF5.0_Ni2_Cu0_C0_components.png;154_RF5.0_Ni2_Cu0_C0/deliverables/154_RF5.0_Ni2_Cu0_C0_baseline_zoom.png;154_RF5.0_Ni2_Cu0_C0/swv_data.csv
155;5.0;2;0;0.1;15.06;7.04e-08;0.88;3244.9736;-0.24;60.0;5.7602;6.39;507.7;0.9984;64.0;OK;155_RF5.0_Ni2_Cu0_C0;25.0;0.0;0.0;0.6024;155_RF5.0_Ni2_Cu0_C0/deliverables/155_RF5.0_Ni2_Cu0_C0_SWV_curve.png;155_RF5.0_Ni2_Cu0_C0/deliverables/155_RF5.0_Ni2_Cu0_C0_components.png;155_RF5.0_Ni2_Cu0_C0/deliverables/155_RF5.0_Ni2_Cu0_C0_baseline_zoom.png;155_RF5.0_Ni2_Cu0_C0/swv_data.csv
156;5.0;2;0;0.3;15.06;5.44e-08;0.68;1949.3527;-0.244;60.0;5.7602;6.12;318.5;0.9985;74.7;OK;156_RF5.0_Ni2_Cu0_C0;25.0;0.0;0.0;0.6024;156_RF5.0_Ni2_Cu0_C0/deliverables/156_RF5.0_Ni2_Cu0_C0_SWV_curve.png;156_RF5.0_Ni2_Cu0_C0/deliverables/156_RF5.0_Ni2_Cu0_C0_components.png;156_RF5.0_Ni2_Cu0_C0/deliverables/156_RF5.0_Ni2_Cu0_C0_baseline_zoom.png;156_RF5.0_Ni2_Cu0_C0/swv_data.csv
157;5.0;2;2;0.0;15.06;7.68e-08;0.96;3934.3506;-0.244;60.0;6.092;6.9;569.9;0.9985;60.8;OK;157_RF5.0_Ni2_Cu2_C0;25.0;0.0;0.0;0.6024;157_RF5.0_Ni2_Cu2_C0/deliverables/157_RF5.0_Ni2_Cu2_C0_SWV_curve.png;157_RF5.0_Ni2_Cu2_C0/deliverables/157_RF5.0_Ni2_Cu2_C0_components.png;157_RF5.0_Ni2_Cu2_C0/deliverables/157_RF5.0_Ni2_Cu2_C0_baseline_zoom.png;157_RF5.0_Ni2_Cu2_C0/swv_data.csv
158;5.0;2;2;0.1;15.06;6.88e-08;0.86;3170.7463;-0.244;60.0;6.0912;6.74;470.5;0.9984;65.8;OK;158_RF5.0_Ni2_Cu2_C0;25.0;0.0;0.0;0.6024;158_RF5.0_Ni2_Cu2_C0/deliverables/158_RF5.0_Ni2_Cu2_C0_SWV_curve.png;158_RF5.0_Ni2_Cu2_C0/deliverables/158_RF5.0_Ni2_Cu2_C0_components.png;158_RF5.0_Ni2_Cu2_C0/deliverables/158_RF5.0_Ni2_Cu2_C0_baseline_zoom.png;158_RF5.0_Ni2_Cu2_C0/swv_data.csv
159;5.0;2;2;0.3;15.06;5.28e-08;0.66;1892.2546;-0.24;60.0;6.0926;6.29;300.7;0.9984;76.3;OK;159_RF5.0_Ni2_Cu2_C0;25.0;0.0;0.0;0.6024;159_RF5.0_Ni2_Cu2_C0/deliverables/159_RF5.0_Ni2_Cu2_C0_SWV_curve.png;159_RF5.0_Ni2_Cu2_C0/deliverables/159_RF5.0_Ni2_Cu2_C0_components.png;159_RF5.0_Ni2_Cu2_C0/deliverables/159_RF5.0_Ni2_Cu2_C0_baseline_zoom.png;159_RF5.0_Ni2_Cu2_C0/swv_data.csv
160;5.0;2;5;0.0;15.06;7.44e-08;0.93;3804.1878;-0.244;60.0;6.5904;7.01;542.5;0.9985;63.4;OK;160_RF5.0_Ni2_Cu5_C0;25.0;0.0;0.0;0.6024;160_RF5.0_Ni2_Cu5_C0/deliverables/160_RF5.0_Ni2_Cu5_C0_SWV_curve.png;160_RF5.0_Ni2_Cu5_C0/deliverables/160_RF5.0_Ni2_Cu5_C0_components.png;160_RF5.0_Ni2_Cu5_C0/deliverables/160_RF5.0_Ni2_Cu5_C0_baseline_zoom.png;160_RF5.0_Ni2_Cu5_C0/swv_data.csv
161;5.0;2;5;0.1;15.06;6.64e-08;0.83;3059.5208;-0.24;60.0;6.5904;7.69;398.0;0.9985;68.3;OK;161_RF5.0_Ni2_Cu5_C0;25.0;0.0;0.0;0.6024;161_RF5.0_Ni2_Cu5_C0/deliverables/161_RF5.0_Ni2_Cu5_C0_SWV_curve.png;161_RF5.0_Ni2_Cu5_C0/deliverables/161_RF5.0_Ni2_Cu5_C0_components.png;161_RF5.0_Ni2_Cu5_C0/deliverables/161_RF5.0_Ni2_Cu5_C0_baseline_zoom.png;161_RF5.0_Ni2_Cu5_C0/swv_data.csv
162;5.0;2;5;0.3;15.06;5.04e-08;0.63;1800.8907;-0.24;60.0;6.5908;7.72;233.2;0.9984;78.5;OK;162_RF5.0_Ni2_Cu5_C0;25.0;0.0;0.0;0.6024;162_RF5.0_Ni2_Cu5_C0/deliverables/162_RF5.0_Ni2_Cu5_C0_SWV_curve.png;162_RF5.0_Ni2_Cu5_C0/deliverables/162_RF5.0_Ni2_Cu5_C0_components.png;162_RF5.0_Ni2_Cu5_C0/deliverables/162_RF5.0_Ni2_Cu5_C0_baseline_zoom.png;162_RF5.0_Ni2_Cu5_C0/swv_data.csv
163;5.0;5;0;0.0;15.06;7.6e-08;0.95;3878.3435;-0.244;60.0;6.1052;14.64;264.9;0.9985;61.2;OK;163_RF5.0_Ni5_Cu0_C0;25.0;0.0;0.0;0.6024;163_RF5.0_Ni5_Cu0_C0/deliverables/163_RF5.0_Ni5_Cu0_C0_SWV_curve.png;163_RF5.0_Ni5_Cu0_C0/deliverables/163_RF5.0_Ni5_Cu0_C0_components.png;163_RF5.0_Ni5_Cu0_C0/deliverables/163_RF5.0_Ni5_Cu0_C0_baseline_zoom.png;163_RF5.0_Ni5_Cu0_C0/swv_data.csv
164;5.0;5;0;0.1;15.06;6.8e-08;0.85;3128.0641;-0.244;60.0;6.1035;14.53;215.4;0.9984;66.1;OK;164_RF5.0_Ni5_Cu0_C0;25.0;0.0;0.0;0.6024;164_RF5.0_Ni5_Cu0_C0/deliverables/164_RF5.0_Ni5_Cu0_C0_SWV_curve.png;164_RF5.0_Ni5_Cu0_C0/deliverables/164_RF5.0_Ni5_Cu0_C0_components.png;164_RF5.0_Ni5_Cu0_C0/deliverables/164_RF5.0_Ni5_Cu0_C0_baseline_zoom.png;164_RF5.0_Ni5_Cu0_C0/swv_data.csv
165;5.0;5;0;0.3;15.06;5.2e-08;0.65;1841.3301;-0.244;60.0;6.1057;12.81;143.8;0.9983;76.8;OK;165_RF5.0_Ni5_Cu0_C0;25.0;0.0;0.0;0.6024;165_RF5.0_Ni5_Cu0_C0/deliverables/165_RF5.0_Ni5_Cu0_C0_SWV_curve.png;165_RF5.0_Ni5_Cu0_C0/deliverables/165_RF5.0_Ni5_Cu0_C0_components.png;165_RF5.0_Ni5_Cu0_C0/deliverables/165_RF5.0_Ni5_Cu0_C0_baseline_zoom.png;165_RF5.0_Ni5_Cu0_C0/swv_data.csv
166;5.0;5;2;0.0;15.06;7.44e-08;0.93;3798.2836;-0.244;60.0;6.4355;12.57;302.3;0.9985;62.9;OK;166_RF5.0_Ni5_Cu2_C0;25.0;0.0;0.0;0.6024;166_RF5.0_Ni5_Cu2_C0/deliverables/166_RF5.0_Ni5_Cu2_C0_SWV_curve.png;166_RF5.0_Ni5_Cu2_C0/deliverables/166_RF5.0_Ni5_Cu2_C0_components.png;166_RF5.0_Ni5_Cu2_C0/deliverables/166_RF5.0_Ni5_Cu2_C0_baseline_zoom.png;166_RF5.0_Ni5_Cu2_C0/swv_data.csv
167;5.0;5;2;0.1;15.06;6.64e-08;0.83;3046.3426;-0.244;60.0;6.4357;13.51;225.5;0.9985;67.9;OK;167_RF5.0_Ni5_Cu2_C0;25.0;0.0;0.0;0.6024;167_RF5.0_Ni5_Cu2_C0/deliverables/167_RF5.0_Ni5_Cu2_C0_SWV_curve.png;167_RF5.0_Ni5_Cu2_C0/deliverables/167_RF5.0_Ni5_Cu2_C0_components.png;167_RF5.0_Ni5_Cu2_C0/deliverables/167_RF5.0_Ni5_Cu2_C0_baseline_zoom.png;167_RF5.0_Ni5_Cu2_C0/swv_data.csv
168;5.0;5;2;0.3;15.06;5.04e-08;0.63;1787.4518;-0.24;60.0;6.4353;14.01;127.5;0.9983;78.3;OK;168_RF5.0_Ni5_Cu2_C0;25.0;0.0;0.0;0.6024;168_RF5.0_Ni5_Cu2_C0/deliverables/168_RF5.0_Ni5_Cu2_C0_SWV_curve.png;168_RF5.0_Ni5_Cu2_C0/deliverables/168_RF5.0_Ni5_Cu2_C0_components.png;168_RF5.0_Ni5_Cu2_C0/deliverables/168_RF5.0_Ni5_Cu2_C0_baseline_zoom.png;168_RF5.0_Ni5_Cu2_C0/swv_data.csv
169;5.0;5;5;0.0;15.06;7.2e-08;0.9;3672.4865;-0.24;60.0;6.9326;14.02;261.9;0.9985;65.4;OK;169_RF5.0_Ni5_Cu5_C0;25.0;0.0;0.0;0.6024;169_RF5.0_Ni5_Cu5_C0/deliverables/169_RF5.0_Ni5_Cu5_C0_SWV_curve.png;169_RF5.0_Ni5_Cu5_C0/deliverables/169_RF5.0_Ni5_Cu5_C0_components.png;169_RF5.0_Ni5_Cu5_C0/deliverables/169_RF5.0_Ni5_Cu5_C0_baseline_zoom.png;169_RF5.0_Ni5_Cu5_C0/swv_data.csv
170;5.0;5;5;0.1;15.06;6.4e-08;0.8;2940.6969;-0.24;60.0;6.9329;13.79;213.2;0.9984;70.2;OK;170_RF5.0_Ni5_Cu5_C0;25.0;0.0;0.0;0.6024;170_RF5.0_Ni5_Cu5_C0/deliverables/170_RF5.0_Ni5_Cu5_C0_SWV_curve.png;170_RF5.0_Ni5_Cu5_C0/deliverables/170_RF5.0_Ni5_Cu5_C0_components.png;170_RF5.0_Ni5_Cu5_C0/deliverables/170_RF5.0_Ni5_Cu5_C0_baseline_zoom.png;170_RF5.0_Ni5_Cu5_C0/swv_data.csv
171;5.0;5;5;0.3;15.06;4.8e-08;0.6;1712.6547;-0.244;60.0;6.9331;14.63;117.1;0.9981;80.2;OK;171_RF5.0_Ni5_Cu5_C0;25.0;0.0;0.0;0.6024;171_RF5.0_Ni5_Cu5_C0/deliverables/171_RF5.0_Ni5_Cu5_C0_SWV_curve.png;171_RF5.0_Ni5_Cu5_C0/deliverables/171_RF5.0_Ni5_Cu5_C0_components.png;171_RF5.0_Ni5_Cu5_C0/deliverables/171_RF5.0_Ni5_Cu5_C0_baseline_zoom.png;171_RF5.0_Ni5_Cu5_C0/swv_data.csv
172;5.0;10;0;0.0;15.06;7.2e-08;0.9;3657.7262;-0.244;60.0;6.678;28.7;127.4;0.9983;64.6;OK;172_RF5.0_Ni10_Cu0_C0;25.0;0.0;0.0;0.6024;172_RF5.0_Ni10_Cu0_C0/deliverables/172_RF5.0_Ni10_Cu0_C0_SWV_curve.png;172_RF5.0_Ni10_Cu0_C0/deliverables/172_RF5.0_Ni10_Cu0_C0_components.png;172_RF5.0_Ni10_Cu0_C0/deliverables/172_RF5.0_Ni10_Cu0_C0_baseline_zoom.png;172_RF5.0_Ni10_Cu0_C0/swv_data.csv
173;5.0;10;0;0.1;15.06;6.4e-08;0.8;2922.3339;-0.24;60.0;6.6761;27.15;107.6;0.9981;69.5;OK;173_RF5.0_Ni10_Cu0_C0;25.0;0.0;0.0;0.6024;173_RF5.0_Ni10_Cu0_C0/deliverables/173_RF5.0_Ni10_Cu0_C0_SWV_curve.png;173_RF5.0_Ni10_Cu0_C0/deliverables/173_RF5.0_Ni10_Cu0_C0_components.png;173_RF5.0_Ni10_Cu0_C0/deliverables/173_RF5.0_Ni10_Cu0_C0_baseline_zoom.png;173_RF5.0_Ni10_Cu0_C0/swv_data.csv
174;5.0;10;0;0.3;15.06;4.8e-08;0.6;1686.6496;-0.244;60.0;6.6778;29.09;58.0;0.9966;79.8;OK;174_RF5.0_Ni10_Cu0_C0;25.0;0.0;0.0;0.6024;174_RF5.0_Ni10_Cu0_C0/deliverables/174_RF5.0_Ni10_Cu0_C0_SWV_curve.png;174_RF5.0_Ni10_Cu0_C0/deliverables/174_RF5.0_Ni10_Cu0_C0_components.png;174_RF5.0_Ni10_Cu0_C0/deliverables/174_RF5.0_Ni10_Cu0_C0_baseline_zoom.png;174_RF5.0_Ni10_Cu0_C0/swv_data.csv
175;5.0;10;2;0.0;15.06;7.04e-08;0.88;3574.9591;-0.244;60.0;7.0075;26.91;132.8;0.9982;66.2;OK;175_RF5.0_Ni10_Cu2_C0;25.0;0.0;0.0;0.6024;175_RF5.0_Ni10_Cu2_C0/deliverables/175_RF5.0_Ni10_Cu2_C0_SWV_curve.png;175_RF5.0_Ni10_Cu2_C0/deliverables/175_RF5.0_Ni10_Cu2_C0_components.png;175_RF5.0_Ni10_Cu2_C0/deliverables/175_RF5.0_Ni10_Cu2_C0_baseline_zoom.png;175_RF5.0_Ni10_Cu2_C0/swv_data.csv
176;5.0;10;2;0.1;15.06;6.24e-08;0.78;2843.2814;-0.24;60.0;7.0067;29.12;97.6;0.9979;71.1;OK;176_RF5.0_Ni10_Cu2_C0;25.0;0.0;0.0;0.6024;176_RF5.0_Ni10_Cu2_C0/deliverables/176_RF5.0_Ni10_Cu2_C0_SWV_curve.png;176_RF5.0_Ni10_Cu2_C0/deliverables/176_RF5.0_Ni10_Cu2_C0_components.png;176_RF5.0_Ni10_Cu2_C0/deliverables/176_RF5.0_Ni10_Cu2_C0_baseline_zoom.png;176_RF5.0_Ni10_Cu2_C0/swv_data.csv
177;5.0;10;2;0.3;15.06;4.64e-08;0.58;1640.0171;-0.244;60.0;7.0084;27.98;58.6;0.9967;81.0;OK;177_RF5.0_Ni10_Cu2_C0;25.0;0.0;0.0;0.6024;177_RF5.0_Ni10_Cu2_C0/deliverables/177_RF5.0_Ni10_Cu2_C0_SWV_curve.png;177_RF5.0_Ni10_Cu2_C0/deliverables/177_RF5.0_Ni10_Cu2_C0_components.png;177_RF5.0_Ni10_Cu2_C0/deliverables/177_RF5.0_Ni10_Cu2_C0_baseline_zoom.png;177_RF5.0_Ni10_Cu2_C0/swv_data.csv
178;5.0;10;5;0.0;15.06;6.8e-08;0.85;3450.5809;-0.244;60.0;7.5078;27.17;127.0;0.9982;68.5;OK;178_RF5.0_Ni10_Cu5_C0;25.0;0.0;0.0;0.6024;178_RF5.0_Ni10_Cu5_C0/deliverables/178_RF5.0_Ni10_Cu5_C0_SWV_curve.png;178_RF5.0_Ni10_Cu5_C0/deliverables/178_RF5.0_Ni10_Cu5_C0_components.png;178_RF5.0_Ni10_Cu5_C0/deliverables/178_RF5.0_Ni10_Cu5_C0_baseline_zoom.png;178_RF5.0_Ni10_Cu5_C0/swv_data.csv
179;5.0;10;5;0.1;15.06;6e-08;0.75;2730.6107;-0.244;60.0;7.5085;28.17;96.9;0.998;73.3;OK;179_RF5.0_Ni10_Cu5_C0;25.0;0.0;0.0;0.6024;179_RF5.0_Ni10_Cu5_C0/deliverables/179_RF5.0_Ni10_Cu5_C0_SWV_curve.png;179_RF5.0_Ni10_Cu5_C0/deliverables/179_RF5.0_Ni10_Cu5_C0_components.png;179_RF5.0_Ni10_Cu5_C0/deliverables/179_RF5.0_Ni10_Cu5_C0_baseline_zoom.png;179_RF5.0_Ni10_Cu5_C0/swv_data.csv
180;5.0;10;5;0.3;15.06;4.4e-08;0.55;1537.9528;-0.24;60.0;7.5068;28.87;53.3;0.9965;83.0;OK;180_RF5.0_Ni10_Cu5_C0;25.0;0.0;0.0;0.6024;180_RF5.0_Ni10_Cu5_C0/deliverables/180_RF5.0_Ni10_Cu5_C0_SWV_curve.png;180_RF5.0_Ni10_Cu5_C0/deliverables/180_RF5.0_Ni10_Cu5_C0_components.png;180_RF5.0_Ni10_Cu5_C0/deliverables/180_RF5.0_Ni10_Cu5_C0_baseline_zoom.png;180_RF5.0_Ni10_Cu5_C0/swv_data.csv
